,Model,accuracy,classes_order,confusion,execution_time,f1,precision,recall,test_time,train_size
0,SVM W2V,0.27015186915887857,"[array(['DEFINITION', 'LOCATION', 'MEASURE', 'ORGANIZATION', 'OTHER',
       'PERSON', 'TIME'], dtype='<U12'), array(['DEFINITION', 'LOCATION', 'MEASURE', 'ORGANIZATION', 'OTHER',
       'PERSON', 'TIME'], dtype='<U12'), array(['DEFINITION', 'LOCATION', 'MEASURE', 'ORGANIZATION', 'OTHER',
       'PERSON', 'TIME'], dtype='<U12'), array(['DEFINITION', 'LOCATION', 'MEASURE', 'ORGANIZATION', 'OTHER',
       'PERSON', 'TIME'], dtype='<U12'), array(['DEFINITION', 'LOCATION', 'MEASURE', 'ORGANIZATION', 'OTHER',
       'PERSON', 'TIME'], dtype='<U12')]","[[306.   31.6  22.8  22.4  40.   61.   29.4]
 [ 49.4 179.2 126.4  86.2 106.8 117.  101.6]
 [ 37.2  62.2 119.4  47.2  58.2  74.4  29.6]
 [ 12.   20.6  24.4  27.8  29.   39.4   7.6]
 [ 89.6 163.4 115.  109.  171.4 177.6 111.4]
 [ 45.6  58.6  67.2  39.6  50.4  76.4  34.8]
 [ 77.6  22.2  22.2  19.2  27.6  31.6  44.8]]",0.009362411499023438,0.22479185050676992,0.25195751910752656,0.3025650758201168,0.13684892654418945,40
1,SVM W2V,0.33936170212765965,"[array(['DEFINITION', 'LOCATION', 'MEASURE', 'ORGANIZATION', 'OTHER',
       'PERSON', 'TIME'], dtype='<U12'), array(['DEFINITION', 'LOCATION', 'MEASURE', 'ORGANIZATION', 'OTHER',
       'PERSON', 'TIME'], dtype='<U12'), array(['DEFINITION', 'LOCATION', 'MEASURE', 'ORGANIZATION', 'OTHER',
       'PERSON', 'TIME'], dtype='<U12'), array(['DEFINITION', 'LOCATION', 'MEASURE', 'ORGANIZATION', 'OTHER',
       'PERSON', 'TIME'], dtype='<U12'), array(['DEFINITION', 'LOCATION', 'MEASURE', 'ORGANIZATION', 'OTHER',
       'PERSON', 'TIME'], dtype='<U12')]","[[408.8  46.8  39.2  30.6  58.6  68.2  41.4]
 [ 25.2 178.2  76.4  75.6  89.2  88.8  82.6]
 [ 36.8  64.6 188.4  49.6  68.6  85.4  41.6]
 [ 10.8  26.2  10.6  34.   26.2  32.4  13. ]
 [ 51.6 121.4  90.4  72.8 129.8 102.   78.6]
 [ 42.   56.4  61.   52.8  69.  148.2  35.8]
 [ 33.2  38.8  25.8  32.4  37.   46.2  61. ]]",0.024977731704711913,0.28487370116766153,0.3138370690468484,0.3267536191832623,0.12259697914123535,80
2,SVM W2V,0.3927631578947368,"[array(['DEFINITION', 'LOCATION', 'MEASURE', 'ORGANIZATION', 'OTHER',
       'PERSON', 'TIME'], dtype='<U12'), array(['DEFINITION', 'LOCATION', 'MEASURE', 'ORGANIZATION', 'OTHER',
       'PERSON', 'TIME'], dtype='<U12'), array(['DEFINITION', 'LOCATION', 'MEASURE', 'ORGANIZATION', 'OTHER',
       'PERSON', 'TIME'], dtype='<U12'), array(['DEFINITION', 'LOCATION', 'MEASURE', 'ORGANIZATION', 'OTHER',
       'PERSON', 'TIME'], dtype='<U12'), array(['DEFINITION', 'LOCATION', 'MEASURE', 'ORGANIZATION', 'OTHER',
       'PERSON', 'TIME'], dtype='<U12')]","[[437.   48.8  28.4  32.8  65.   70.6  44.6]
 [ 26.  242.4  80.4  96.8 116.2 101.   82.2]
 [ 28.2  74.4 255.   49.6  74.6  79.4  57.2]
 [  8.   20.   13.   29.2  26.6  19.4  11.8]
 [ 21.2  54.2  40.6  41.4  69.4  49.6  43.2]
 [ 59.6  60.   47.6  69.   88.6 208.4  39.6]
 [ 21.2  24.8  20.8  25.   33.6  35.6  72. ]]",0.035996866226196286,0.33813017040497195,0.3605307802762045,0.37052634497554443,0.12299976348876954,120
3,SVM W2V,0.40744552058111383,"[array(['DEFINITION', 'LOCATION', 'MEASURE', 'ORGANIZATION', 'OTHER',
       'PERSON', 'TIME'], dtype='<U12'), array(['DEFINITION', 'LOCATION', 'MEASURE', 'ORGANIZATION', 'OTHER',
       'PERSON', 'TIME'], dtype='<U12'), array(['DEFINITION', 'LOCATION', 'MEASURE', 'ORGANIZATION', 'OTHER',
       'PERSON', 'TIME'], dtype='<U12'), array(['DEFINITION', 'LOCATION', 'MEASURE', 'ORGANIZATION', 'OTHER',
       'PERSON', 'TIME'], dtype='<U12'), array(['DEFINITION', 'LOCATION', 'MEASURE', 'ORGANIZATION', 'OTHER',
       'PERSON', 'TIME'], dtype='<U12')]","[[449.2  49.8  25.8  31.4  59.   74.   39.6]
 [ 28.  242.4  75.4  91.  116.6  99.2  77. ]
 [ 22.   78.4 261.4  50.2  81.4  79.6  58. ]
 [ 10.8  23.4  13.   37.8  30.2  22.8  15.8]
 [ 23.4  49.8  40.4  41.4  75.   53.   40.8]
 [ 47.4  54.2  42.4  61.4  80.4 200.6  35.6]
 [ 12.4  19.4  21.4  26.8  25.6  29.6  79.8]]",0.04692850112915039,0.35892800175973694,0.37635624033135373,0.3803000698778508,0.12496871948242187,160
4,SVM W2V,0.43014705882352944,"[array(['DEFINITION', 'LOCATION', 'MEASURE', 'ORGANIZATION', 'OTHER',
       'PERSON', 'TIME'], dtype='<U12'), array(['DEFINITION', 'LOCATION', 'MEASURE', 'ORGANIZATION', 'OTHER',
       'PERSON', 'TIME'], dtype='<U12'), array(['DEFINITION', 'LOCATION', 'MEASURE', 'ORGANIZATION', 'OTHER',
       'PERSON', 'TIME'], dtype='<U12'), array(['DEFINITION', 'LOCATION', 'MEASURE', 'ORGANIZATION', 'OTHER',
       'PERSON', 'TIME'], dtype='<U12'), array(['DEFINITION', 'LOCATION', 'MEASURE', 'ORGANIZATION', 'OTHER',
       'PERSON', 'TIME'], dtype='<U12')]","[[457.8  46.2  19.   31.6  57.   73.2  36.4]
 [ 24.  238.2  58.4  78.6 101.6  75.4  62.2]
 [ 21.2  76.2 270.   51.6  81.   75.8  55.8]
 [  8.4  19.2  11.4  36.4  34.6  24.2  14.6]
 [ 22.   53.8  42.   47.   76.6  41.   43. ]
 [ 41.6  57.2  53.8  65.2  85.6 232.8  37.6]
 [ 11.   20.8  20.2  25.4  26.   29.2  92.2]]",0.060961008071899414,0.382171435284684,0.3977971972096488,0.3956030908076152,0.11246800422668457,200
5,SVM W2V,0.43343672456575677,"[array(['DEFINITION', 'LOCATION', 'MEASURE', 'ORGANIZATION', 'OTHER',
       'PERSON', 'TIME'], dtype='<U12'), array(['DEFINITION', 'LOCATION', 'MEASURE', 'ORGANIZATION', 'OTHER',
       'PERSON', 'TIME'], dtype='<U12'), array(['DEFINITION', 'LOCATION', 'MEASURE', 'ORGANIZATION', 'OTHER',
       'PERSON', 'TIME'], dtype='<U12'), array(['DEFINITION', 'LOCATION', 'MEASURE', 'ORGANIZATION', 'OTHER',
       'PERSON', 'TIME'], dtype='<U12'), array(['DEFINITION', 'LOCATION', 'MEASURE', 'ORGANIZATION', 'OTHER',
       'PERSON', 'TIME'], dtype='<U12')]","[[452.4  43.2  17.8  29.6  58.4  70.6  34.2]
 [ 23.2 241.6  56.   76.2 104.6  69.   65. ]
 [ 23.4  82.8 277.4  55.2  86.4  82.6  63.6]
 [  9.4  21.2  10.6  41.   28.   22.4  13.4]
 [ 18.8  41.2  36.2  41.   65.8  44.   37.4]
 [ 44.2  56.2  51.4  67.4  92.2 232.4  37.4]
 [  9.8  18.4  17.   21.   22.6  23.6  86.8]]",0.07356681823730468,0.3843364826028074,0.4009205474359203,0.4058021404650855,0.112479829788208,240
6,SVM W2V,0.4354899497487438,"[array(['DEFINITION', 'LOCATION', 'MEASURE', 'ORGANIZATION', 'OTHER',
       'PERSON', 'TIME'], dtype='<U12'), array(['DEFINITION', 'LOCATION', 'MEASURE', 'ORGANIZATION', 'OTHER',
       'PERSON', 'TIME'], dtype='<U12'), array(['DEFINITION', 'LOCATION', 'MEASURE', 'ORGANIZATION', 'OTHER',
       'PERSON', 'TIME'], dtype='<U12'), array(['DEFINITION', 'LOCATION', 'MEASURE', 'ORGANIZATION', 'OTHER',
       'PERSON', 'TIME'], dtype='<U12'), array(['DEFINITION', 'LOCATION', 'MEASURE', 'ORGANIZATION', 'OTHER',
       'PERSON', 'TIME'], dtype='<U12')]","[[443.6  40.6  17.8  29.8  54.8  67.2  33.6]
 [ 27.6 241.   53.8  69.2  96.8  69.   68. ]
 [ 20.4  80.6 273.2  55.   81.   73.8  64.6]
 [  8.2  20.2  11.6  44.2  26.6  22.6  15.2]
 [ 19.6  50.   40.4  45.4  78.8  55.4  39.2]
 [ 46.   50.8  49.4  63.6  93.8 228.8  36.4]
 [  9.   16.   14.   19.4  19.   22.   77. ]]",0.0884511947631836,0.3870831640863388,0.4026915021112812,0.41266211612409676,0.12068309783935546,280
7,SVM W2V,0.44541984732824424,"[array(['DEFINITION', 'LOCATION', 'MEASURE', 'ORGANIZATION', 'OTHER',
       'PERSON', 'TIME'], dtype='<U12'), array(['DEFINITION', 'LOCATION', 'MEASURE', 'ORGANIZATION', 'OTHER',
       'PERSON', 'TIME'], dtype='<U12'), array(['DEFINITION', 'LOCATION', 'MEASURE', 'ORGANIZATION', 'OTHER',
       'PERSON', 'TIME'], dtype='<U12'), array(['DEFINITION', 'LOCATION', 'MEASURE', 'ORGANIZATION', 'OTHER',
       'PERSON', 'TIME'], dtype='<U12'), array(['DEFINITION', 'LOCATION', 'MEASURE', 'ORGANIZATION', 'OTHER',
       'PERSON', 'TIME'], dtype='<U12')]","[[450.   43.8  18.8  27.6  54.8  63.8  29.4]
 [ 23.2 232.4  48.   66.8  93.2  61.6  65.8]
 [ 18.4  77.6 276.8  53.2  80.6  78.2  60.4]
 [  6.   20.   10.4  45.4  28.2  20.   13.6]
 [ 21.   50.2  35.4  44.4  72.6  49.2  37.8]
 [ 38.2  49.   46.2  61.8  89.8 232.4  30.6]
 [ 10.2  20.2  18.4  23.2  26.4  28.2  90.8]]",0.09685678482055664,0.3980010977796756,0.4135056550595544,0.4178844664461915,0.10925908088684082,320
8,SVM W2V,0.4543170103092784,"[array(['DEFINITION', 'LOCATION', 'MEASURE', 'ORGANIZATION', 'OTHER',
       'PERSON', 'TIME'], dtype='<U12'), array(['DEFINITION', 'LOCATION', 'MEASURE', 'ORGANIZATION', 'OTHER',
       'PERSON', 'TIME'], dtype='<U12'), array(['DEFINITION', 'LOCATION', 'MEASURE', 'ORGANIZATION', 'OTHER',
       'PERSON', 'TIME'], dtype='<U12'), array(['DEFINITION', 'LOCATION', 'MEASURE', 'ORGANIZATION', 'OTHER',
       'PERSON', 'TIME'], dtype='<U12'), array(['DEFINITION', 'LOCATION', 'MEASURE', 'ORGANIZATION', 'OTHER',
       'PERSON', 'TIME'], dtype='<U12')]","[[445.4  44.4  17.6  25.4  51.6  54.6  25.6]
 [ 21.4 221.8  43.4  62.6  85.4  51.2  54. ]
 [ 17.   77.2 276.   53.   80.   73.2  58.6]
 [  6.   17.8   9.6  37.4  20.6  17.   10.8]
 [ 19.8  49.6  32.   46.   78.   50.4  40.8]
 [ 43.2  56.2  52.8  71.8  97.2 252.8  35.2]
 [  8.2  21.   17.8  22.6  25.4  25.8  98.8]]",0.10935406684875489,0.4065747833682443,0.42121919249841266,0.4282607312095982,0.11296725273132324,360
9,SVM W2V,0.4598563968668407,"[array(['DEFINITION', 'LOCATION', 'MEASURE', 'ORGANIZATION', 'OTHER',
       'PERSON', 'TIME'], dtype='<U12'), array(['DEFINITION', 'LOCATION', 'MEASURE', 'ORGANIZATION', 'OTHER',
       'PERSON', 'TIME'], dtype='<U12'), array(['DEFINITION', 'LOCATION', 'MEASURE', 'ORGANIZATION', 'OTHER',
       'PERSON', 'TIME'], dtype='<U12'), array(['DEFINITION', 'LOCATION', 'MEASURE', 'ORGANIZATION', 'OTHER',
       'PERSON', 'TIME'], dtype='<U12'), array(['DEFINITION', 'LOCATION', 'MEASURE', 'ORGANIZATION', 'OTHER',
       'PERSON', 'TIME'], dtype='<U12')]","[[442.   40.2  15.8  24.6  49.   52.6  24.4]
 [ 20.6 218.   39.2  60.4  79.2  53.4  53. ]
 [ 15.8  73.2 275.6  49.8  78.4  66.6  54. ]
 [  9.   18.2   7.4  36.8  23.6  16.   11.8]
 [ 18.   50.2  31.   46.6  74.4  45.2  35.8]
 [ 38.6  59.   54.2  70.4  98.  255.6  32.6]
 [  8.8  24.   21.2  26.   30.4  28.8 106.6]]",0.11871013641357422,0.41220374105367263,0.42733766480890367,0.42676121629011643,0.11355109214782715,400
10,SVM W2V,0.46421957671957675,"[array(['DEFINITION', 'LOCATION', 'MEASURE', 'ORGANIZATION', 'OTHER',
       'PERSON', 'TIME'], dtype='<U12'), array(['DEFINITION', 'LOCATION', 'MEASURE', 'ORGANIZATION', 'OTHER',
       'PERSON', 'TIME'], dtype='<U12'), array(['DEFINITION', 'LOCATION', 'MEASURE', 'ORGANIZATION', 'OTHER',
       'PERSON', 'TIME'], dtype='<U12'), array(['DEFINITION', 'LOCATION', 'MEASURE', 'ORGANIZATION', 'OTHER',
       'PERSON', 'TIME'], dtype='<U12'), array(['DEFINITION', 'LOCATION', 'MEASURE', 'ORGANIZATION', 'OTHER',
       'PERSON', 'TIME'], dtype='<U12')]","[[436.6  38.4  14.4  23.2  45.   48.2  23.8]
 [ 20.2 221.8  40.4  61.   79.   52.6  50.6]
 [ 15.8  73.6 274.2  49.6  81.4  65.   52.6]
 [  7.   16.4   7.8  33.6  19.4  15.8  12.4]
 [ 19.   43.   26.8  45.4  70.6  42.   32.8]
 [ 40.6  58.8  54.8  72.6 103.6 258.8  33.8]
 [  8.8  24.6  19.8  24.   28.   28.2 108.2]]",0.12809243202209472,0.41445817985906785,0.4309118737237795,0.4314827675210414,0.11609830856323242,440
11,SVM W2V,0.47104557640750666,"[array(['DEFINITION', 'LOCATION', 'MEASURE', 'ORGANIZATION', 'OTHER',
       'PERSON', 'TIME'], dtype='<U12'), array(['DEFINITION', 'LOCATION', 'MEASURE', 'ORGANIZATION', 'OTHER',
       'PERSON', 'TIME'], dtype='<U12'), array(['DEFINITION', 'LOCATION', 'MEASURE', 'ORGANIZATION', 'OTHER',
       'PERSON', 'TIME'], dtype='<U12'), array(['DEFINITION', 'LOCATION', 'MEASURE', 'ORGANIZATION', 'OTHER',
       'PERSON', 'TIME'], dtype='<U12'), array(['DEFINITION', 'LOCATION', 'MEASURE', 'ORGANIZATION', 'OTHER',
       'PERSON', 'TIME'], dtype='<U12')]","[[436.8  38.6  15.4  23.   42.4  44.2  21. ]
 [ 20.4 227.2  41.6  64.   82.8  55.6  49.4]
 [ 13.6  68.  270.8  48.6  75.2  63.   51.2]
 [  5.6  15.2   6.8  30.   20.   15.6  10. ]
 [ 15.4  35.   25.8  46.   67.8  39.   28.2]
 [ 39.2  58.2  50.6  68.4 101.6 258.2  34.4]
 [  9.2  26.6  21.8  26.6  31.8  29.4 114.8]]",0.1499706745147705,0.41923670578923594,0.4377744622113601,0.4329841719105173,0.11228404045104981,480
12,SVM W2V,0.47608695652173916,"[array(['DEFINITION', 'LOCATION', 'MEASURE', 'ORGANIZATION', 'OTHER',
       'PERSON', 'TIME'], dtype='<U12'), array(['DEFINITION', 'LOCATION', 'MEASURE', 'ORGANIZATION', 'OTHER',
       'PERSON', 'TIME'], dtype='<U12'), array(['DEFINITION', 'LOCATION', 'MEASURE', 'ORGANIZATION', 'OTHER',
       'PERSON', 'TIME'], dtype='<U12'), array(['DEFINITION', 'LOCATION', 'MEASURE', 'ORGANIZATION', 'OTHER',
       'PERSON', 'TIME'], dtype='<U12'), array(['DEFINITION', 'LOCATION', 'MEASURE', 'ORGANIZATION', 'OTHER',
       'PERSON', 'TIME'], dtype='<U12')]","[[432.   35.6  14.6  22.   41.   41.4  19.8]
 [ 17.4 221.   40.4  56.4  74.4  52.4  46.4]
 [ 13.6  67.  269.   48.2  74.   64.6  47.6]
 [  5.4  15.2   7.2  31.8  22.2  15.   10.2]
 [ 15.   35.   23.8  44.6  67.8  33.8  25.4]
 [ 42.4  63.6  50.2  72.6 104.8 262.6  37.2]
 [  8.4  26.8  22.   26.2  31.8  26.8 117.4]]",0.15308456420898436,0.42552729071525264,0.4432530149609167,0.4405565856886047,0.11679663658142089,520
13,SVM W2V,0.47940771349862266,"[array(['DEFINITION', 'LOCATION', 'MEASURE', 'ORGANIZATION', 'OTHER',
       'PERSON', 'TIME'], dtype='<U12'), array(['DEFINITION', 'LOCATION', 'MEASURE', 'ORGANIZATION', 'OTHER',
       'PERSON', 'TIME'], dtype='<U12'), array(['DEFINITION', 'LOCATION', 'MEASURE', 'ORGANIZATION', 'OTHER',
       'PERSON', 'TIME'], dtype='<U12'), array(['DEFINITION', 'LOCATION', 'MEASURE', 'ORGANIZATION', 'OTHER',
       'PERSON', 'TIME'], dtype='<U12'), array(['DEFINITION', 'LOCATION', 'MEASURE', 'ORGANIZATION', 'OTHER',
       'PERSON', 'TIME'], dtype='<U12')]","[[428.2  33.2  12.6  21.2  40.6  39.8  18.8]
 [ 16.8 221.8  40.   57.2  74.   51.2  47. ]
 [ 14.2  67.6 266.2  49.6  73.8  65.2  48.2]
 [  5.8  15.4   6.6  33.6  22.   14.   10.6]
 [ 13.8  33.   22.8  38.4  66.   32.8  24.8]
 [ 40.2  60.4  50.6  70.8 103.4 261.2  35.4]
 [  8.4  27.   22.   26.6  31.   25.  115.2]]",0.16869888305664063,0.4287238531967147,0.44638904099714055,0.4444930181498753,0.10702400207519532,560
14,SVM W2V,0.47807262569832404,"[array(['DEFINITION', 'LOCATION', 'MEASURE', 'ORGANIZATION', 'OTHER',
       'PERSON', 'TIME'], dtype='<U12'), array(['DEFINITION', 'LOCATION', 'MEASURE', 'ORGANIZATION', 'OTHER',
       'PERSON', 'TIME'], dtype='<U12'), array(['DEFINITION', 'LOCATION', 'MEASURE', 'ORGANIZATION', 'OTHER',
       'PERSON', 'TIME'], dtype='<U12'), array(['DEFINITION', 'LOCATION', 'MEASURE', 'ORGANIZATION', 'OTHER',
       'PERSON', 'TIME'], dtype='<U12'), array(['DEFINITION', 'LOCATION', 'MEASURE', 'ORGANIZATION', 'OTHER',
       'PERSON', 'TIME'], dtype='<U12')]","[[424.8  33.4  14.   22.2  42.6  41.2  19.4]
 [ 18.6 220.   40.2  61.8  79.6  51.6  48.2]
 [ 13.4  68.  261.6  47.4  72.2  63.2  47.2]
 [  5.2  14.    6.8  31.8  21.2  13.8   9.4]
 [ 13.   31.6  22.4  37.   60.6  31.4  25.2]
 [ 36.4  60.4  47.8  68.  102.  257.4  32.8]
 [  8.   25.4  22.4  25.2  27.2  24.  113. ]]",0.1843198776245117,0.426179796945186,0.44459191711108614,0.44285361417482355,0.10611157417297364,600
15,SVM W2V,0.4827195467422096,"[array(['DEFINITION', 'LOCATION', 'MEASURE', 'ORGANIZATION', 'OTHER',
       'PERSON', 'TIME'], dtype='<U12'), array(['DEFINITION', 'LOCATION', 'MEASURE', 'ORGANIZATION', 'OTHER',
       'PERSON', 'TIME'], dtype='<U12'), array(['DEFINITION', 'LOCATION', 'MEASURE', 'ORGANIZATION', 'OTHER',
       'PERSON', 'TIME'], dtype='<U12'), array(['DEFINITION', 'LOCATION', 'MEASURE', 'ORGANIZATION', 'OTHER',
       'PERSON', 'TIME'], dtype='<U12'), array(['DEFINITION', 'LOCATION', 'MEASURE', 'ORGANIZATION', 'OTHER',
       'PERSON', 'TIME'], dtype='<U12')]","[[420.4  32.6  14.2  21.2  39.8  38.8  18. ]
 [ 17.  217.2  38.2  59.6  75.4  48.8  43.2]
 [ 14.4  66.2 259.4  47.8  70.4  60.2  46.4]
 [  4.4  14.4   6.2  32.2  22.2  15.4  10.2]
 [ 12.2  31.2  22.   35.4  58.4  28.6  23.8]
 [ 36.6  57.8  47.4  68.6 106.  260.2  32.8]
 [  8.6  27.6  22.   24.4  26.8  24.  115.4]]",0.19431672096252442,0.4306285146516739,0.44933146980675315,0.4455637349283528,0.10281119346618653,640
16,SVM W2V,0.4849137931034483,"[array(['DEFINITION', 'LOCATION', 'MEASURE', 'ORGANIZATION', 'OTHER',
       'PERSON', 'TIME'], dtype='<U12'), array(['DEFINITION', 'LOCATION', 'MEASURE', 'ORGANIZATION', 'OTHER',
       'PERSON', 'TIME'], dtype='<U12'), array(['DEFINITION', 'LOCATION', 'MEASURE', 'ORGANIZATION', 'OTHER',
       'PERSON', 'TIME'], dtype='<U12'), array(['DEFINITION', 'LOCATION', 'MEASURE', 'ORGANIZATION', 'OTHER',
       'PERSON', 'TIME'], dtype='<U12'), array(['DEFINITION', 'LOCATION', 'MEASURE', 'ORGANIZATION', 'OTHER',
       'PERSON', 'TIME'], dtype='<U12')]","[[418.   32.2  14.4  22.2  39.2  39.   18.6]
 [ 16.4 218.   37.2  59.8  76.8  47.6  45.6]
 [ 14.2  63.8 257.6  46.   69.6  58.   43. ]
 [  4.2  13.2   6.6  30.6  24.   14.2  10.4]
 [ 10.4  29.6  20.4  33.4  52.4  28.8  21.8]
 [ 35.8  57.8  46.8  69.6 105.4 259.8  33.8]
 [  7.   25.6  20.8  23.2  25.2  22.4 113.6]]",0.2097255229949951,0.430830620303776,0.4504050699010752,0.44418544522115033,0.09998607635498047,680
17,SVM W2V,0.48760932944606417,"[array(['DEFINITION', 'LOCATION', 'MEASURE', 'ORGANIZATION', 'OTHER',
       'PERSON', 'TIME'], dtype='<U12'), array(['DEFINITION', 'LOCATION', 'MEASURE', 'ORGANIZATION', 'OTHER',
       'PERSON', 'TIME'], dtype='<U12'), array(['DEFINITION', 'LOCATION', 'MEASURE', 'ORGANIZATION', 'OTHER',
       'PERSON', 'TIME'], dtype='<U12'), array(['DEFINITION', 'LOCATION', 'MEASURE', 'ORGANIZATION', 'OTHER',
       'PERSON', 'TIME'], dtype='<U12'), array(['DEFINITION', 'LOCATION', 'MEASURE', 'ORGANIZATION', 'OTHER',
       'PERSON', 'TIME'], dtype='<U12')]","[[411.4  30.8  14.   21.8  39.   34.6  17.8]
 [ 16.4 214.8  35.6  56.8  73.6  45.2  43.2]
 [ 13.4  64.8 254.6  47.   69.6  58.2  42.2]
 [  3.6  13.4   5.8  29.8  21.8  12.8   9.4]
 [  8.8  28.2  18.6  31.6  52.4  25.8  24. ]
 [ 37.   58.8  47.4  71.  104.  262.2  33.6]
 [  7.   25.4  21.6  23.2  26.   23.2 112.8]]",0.22698416709899902,0.43309420021116357,0.452995684035953,0.4485596668665597,0.10621414184570313,720
18,SVM W2V,0.4889792899408284,"[array(['DEFINITION', 'LOCATION', 'MEASURE', 'ORGANIZATION', 'OTHER',
       'PERSON', 'TIME'], dtype='<U12'), array(['DEFINITION', 'LOCATION', 'MEASURE', 'ORGANIZATION', 'OTHER',
       'PERSON', 'TIME'], dtype='<U12'), array(['DEFINITION', 'LOCATION', 'MEASURE', 'ORGANIZATION', 'OTHER',
       'PERSON', 'TIME'], dtype='<U12'), array(['DEFINITION', 'LOCATION', 'MEASURE', 'ORGANIZATION', 'OTHER',
       'PERSON', 'TIME'], dtype='<U12'), array(['DEFINITION', 'LOCATION', 'MEASURE', 'ORGANIZATION', 'OTHER',
       'PERSON', 'TIME'], dtype='<U12')]","[[408.2  32.4  13.8  20.8  40.   36.8  17.8]
 [ 16.6 217.8  37.2  60.2  78.2  48.4  45.2]
 [ 14.2  60.  250.2  44.8  66.6  53.2  40.8]
 [  3.2  13.4   6.   30.4  21.4  12.8  10.2]
 [  8.6  23.8  17.2  29.8  46.6  23.8  21. ]
 [ 32.4  55.4  47.   68.8 103.4 256.   31. ]
 [  6.   24.8  22.   22.6  25.2  25.  113. ]]",0.23466954231262208,0.4335507162818827,0.4544016656923883,0.4476303675197427,0.10310015678405762,760
19,SVM W2V,0.485960960960961,"[array(['DEFINITION', 'LOCATION', 'MEASURE', 'ORGANIZATION', 'OTHER',
       'PERSON', 'TIME'], dtype='<U12'), array(['DEFINITION', 'LOCATION', 'MEASURE', 'ORGANIZATION', 'OTHER',
       'PERSON', 'TIME'], dtype='<U12'), array(['DEFINITION', 'LOCATION', 'MEASURE', 'ORGANIZATION', 'OTHER',
       'PERSON', 'TIME'], dtype='<U12'), array(['DEFINITION', 'LOCATION', 'MEASURE', 'ORGANIZATION', 'OTHER',
       'PERSON', 'TIME'], dtype='<U12'), array(['DEFINITION', 'LOCATION', 'MEASURE', 'ORGANIZATION', 'OTHER',
       'PERSON', 'TIME'], dtype='<U12')]","[[400.8  31.2  13.6  20.6  39.4  35.6  17. ]
 [ 17.2 216.8  38.4  60.4  80.4  50.2  46.6]
 [ 14.2  57.8 246.   45.2  66.2  54.6  41. ]
 [  4.   12.6   5.4  28.   22.2  11.6   9. ]
 [  6.6  20.4  17.   28.6  40.4  21.4  19.4]
 [ 32.4  57.6  46.   69.6 104.4 252.4  31.8]
 [  6.6  24.2  21.4  21.6  23.8  22.2 110.2]]",0.25426287651062013,0.4286627332981288,0.45113693753173384,0.44212004886288625,0.09371919631958008,800
20,SVM W2V,0.4865091463414634,"[array(['DEFINITION', 'LOCATION', 'MEASURE', 'ORGANIZATION', 'OTHER',
       'PERSON', 'TIME'], dtype='<U12'), array(['DEFINITION', 'LOCATION', 'MEASURE', 'ORGANIZATION', 'OTHER',
       'PERSON', 'TIME'], dtype='<U12'), array(['DEFINITION', 'LOCATION', 'MEASURE', 'ORGANIZATION', 'OTHER',
       'PERSON', 'TIME'], dtype='<U12'), array(['DEFINITION', 'LOCATION', 'MEASURE', 'ORGANIZATION', 'OTHER',
       'PERSON', 'TIME'], dtype='<U12'), array(['DEFINITION', 'LOCATION', 'MEASURE', 'ORGANIZATION', 'OTHER',
       'PERSON', 'TIME'], dtype='<U12')]","[[394.8  31.6  14.2  20.   38.4  34.   17.2]
 [ 15.8 213.8  37.8  57.6  77.2  48.2  44.6]
 [ 13.6  57.  243.   44.8  63.8  55.   43.8]
 [  3.6  13.6   4.6  26.4  20.2  11.6   7.8]
 [  6.   20.4  17.4  31.   43.4  22.6  22. ]
 [ 33.4  57.2  45.8  69.4 102.8 249.2  30.2]
 [  6.   22.2  18.6  21.2  24.   21.2 106. ]]",0.26384811401367186,0.42916338085339617,0.45104877294603585,0.4440448073260696,0.09371023178100586,840
21,SVM W2V,0.4881578947368421,"[array(['DEFINITION', 'LOCATION', 'MEASURE', 'ORGANIZATION', 'OTHER',
       'PERSON', 'TIME'], dtype='<U12'), array(['DEFINITION', 'LOCATION', 'MEASURE', 'ORGANIZATION', 'OTHER',
       'PERSON', 'TIME'], dtype='<U12'), array(['DEFINITION', 'LOCATION', 'MEASURE', 'ORGANIZATION', 'OTHER',
       'PERSON', 'TIME'], dtype='<U12'), array(['DEFINITION', 'LOCATION', 'MEASURE', 'ORGANIZATION', 'OTHER',
       'PERSON', 'TIME'], dtype='<U12'), array(['DEFINITION', 'LOCATION', 'MEASURE', 'ORGANIZATION', 'OTHER',
       'PERSON', 'TIME'], dtype='<U12')]","[[388.2  29.6  14.8  20.4  37.4  35.4  15.8]
 [ 16.6 211.6  37.6  58.2  75.8  46.8  44.8]
 [ 12.6  55.6 238.   43.8  62.8  53.8  40.2]
 [  4.   12.8   5.   26.4  20.6  10.    8.4]
 [  6.6  18.8  16.8  28.6  43.   23.2  19.8]
 [ 31.6  55.8  45.8  66.4 100.6 246.8  30.4]
 [  6.6  23.6  18.6  22.2  24.6  19.8 107.4]]",0.277942419052124,0.4310257271268839,0.45317970016775044,0.44547162599038614,0.0906071662902832,880
22,SVM W2V,0.4880503144654088,"[array(['DEFINITION', 'LOCATION', 'MEASURE', 'ORGANIZATION', 'OTHER',
       'PERSON', 'TIME'], dtype='<U12'), array(['DEFINITION', 'LOCATION', 'MEASURE', 'ORGANIZATION', 'OTHER',
       'PERSON', 'TIME'], dtype='<U12'), array(['DEFINITION', 'LOCATION', 'MEASURE', 'ORGANIZATION', 'OTHER',
       'PERSON', 'TIME'], dtype='<U12'), array(['DEFINITION', 'LOCATION', 'MEASURE', 'ORGANIZATION', 'OTHER',
       'PERSON', 'TIME'], dtype='<U12'), array(['DEFINITION', 'LOCATION', 'MEASURE', 'ORGANIZATION', 'OTHER',
       'PERSON', 'TIME'], dtype='<U12')]","[[381.4  29.2  13.6  19.6  37.4  36.4  15.2]
 [ 17.  208.4  38.   56.8  75.4  47.6  41.2]
 [ 12.4  53.8 234.8  41.4  60.   51.8  39.6]
 [  2.6  13.2   5.2  27.   19.8   9.8   8.6]
 [  6.6  17.6  14.4  26.4  41.8  22.4  20.8]
 [ 30.2  53.6  46.2  67.8 100.  239.8  28.2]
 [  6.8  25.4  19.6  23.2  26.   21.6 108.4]]",0.28661041259765624,0.4315454072204969,0.45419964789853395,0.4452389940477799,0.09373288154602051,920
23,SVM W2V,0.49129392971246,"[array(['DEFINITION', 'LOCATION', 'MEASURE', 'ORGANIZATION', 'OTHER',
       'PERSON', 'TIME'], dtype='<U12'), array(['DEFINITION', 'LOCATION', 'MEASURE', 'ORGANIZATION', 'OTHER',
       'PERSON', 'TIME'], dtype='<U12'), array(['DEFINITION', 'LOCATION', 'MEASURE', 'ORGANIZATION', 'OTHER',
       'PERSON', 'TIME'], dtype='<U12'), array(['DEFINITION', 'LOCATION', 'MEASURE', 'ORGANIZATION', 'OTHER',
       'PERSON', 'TIME'], dtype='<U12'), array(['DEFINITION', 'LOCATION', 'MEASURE', 'ORGANIZATION', 'OTHER',
       'PERSON', 'TIME'], dtype='<U12')]","[[376.4  30.8  12.6  20.6  38.   34.2  14.6]
 [ 16.  206.   35.8  53.6  71.6  43.4  39.4]
 [ 11.8  52.8 232.2  42.   60.4  52.8  38.8]
 [  2.8  12.2   5.2  28.4  20.4  10.    9.6]
 [  6.   16.2  13.4  26.8  39.6  20.4  17.4]
 [ 30.   53.4  46.4  65.2 100.  237.4  27.4]
 [  6.4  25.   20.6  21.2  26.2  22.4 110.2]]",0.2966698169708252,0.43506865197107175,0.4583812940062858,0.44949802634545905,0.09372258186340332,960
24,SVM W2V,0.49058441558441557,"[array(['DEFINITION', 'LOCATION', 'MEASURE', 'ORGANIZATION', 'OTHER',
       'PERSON', 'TIME'], dtype='<U12'), array(['DEFINITION', 'LOCATION', 'MEASURE', 'ORGANIZATION', 'OTHER',
       'PERSON', 'TIME'], dtype='<U12'), array(['DEFINITION', 'LOCATION', 'MEASURE', 'ORGANIZATION', 'OTHER',
       'PERSON', 'TIME'], dtype='<U12'), array(['DEFINITION', 'LOCATION', 'MEASURE', 'ORGANIZATION', 'OTHER',
       'PERSON', 'TIME'], dtype='<U12'), array(['DEFINITION', 'LOCATION', 'MEASURE', 'ORGANIZATION', 'OTHER',
       'PERSON', 'TIME'], dtype='<U12')]","[[369.8  28.2  12.6  19.   36.2  33.8  14. ]
 [ 16.  202.   34.6  52.6  67.2  43.   36.2]
 [ 12.2  52.6 228.2  41.2  59.6  54.   39.2]
 [  2.8  11.6   5.2  27.8  20.4  10.4   9.6]
 [  6.   17.4  15.4  27.6  40.8  21.4  18.4]
 [ 30.   52.8  44.2  64.   97.6 230.   26. ]
 [  6.   25.8  19.8  20.8  27.6  22.2 110.2]]",0.3154256820678711,0.43570958191356696,0.45784982484779163,0.4480954551520659,0.08747572898864746,1000
25,SVM W2V,0.4931518151815181,"[array(['DEFINITION', 'LOCATION', 'MEASURE', 'ORGANIZATION', 'OTHER',
       'PERSON', 'TIME'], dtype='<U12'), array(['DEFINITION', 'LOCATION', 'MEASURE', 'ORGANIZATION', 'OTHER',
       'PERSON', 'TIME'], dtype='<U12'), array(['DEFINITION', 'LOCATION', 'MEASURE', 'ORGANIZATION', 'OTHER',
       'PERSON', 'TIME'], dtype='<U12'), array(['DEFINITION', 'LOCATION', 'MEASURE', 'ORGANIZATION', 'OTHER',
       'PERSON', 'TIME'], dtype='<U12'), array(['DEFINITION', 'LOCATION', 'MEASURE', 'ORGANIZATION', 'OTHER',
       'PERSON', 'TIME'], dtype='<U12')]","[[363.8  28.8  12.4  18.4  35.6  32.4  13.6]
 [ 15.8 199.4  33.2  50.   65.6  41.6  33.8]
 [ 11.2  51.  224.6  39.8  58.6  50.   38.6]
 [  3.4  11.    5.6  27.4  20.4   8.6   8.6]
 [  5.6  17.4  15.   27.2  42.2  24.   19.6]
 [ 28.8  51.2  45.4  64.6  92.8 229.8  26.6]
 [  6.4  26.4  19.4  21.4  26.6  22.2 108.2]]",0.3328057289123535,0.4384403102817638,0.4597624561277841,0.450553275241414,0.08436088562011719,1040
26,SVM W2V,0.4947147651006711,"[array(['DEFINITION', 'LOCATION', 'MEASURE', 'ORGANIZATION', 'OTHER',
       'PERSON', 'TIME'], dtype='<U12'), array(['DEFINITION', 'LOCATION', 'MEASURE', 'ORGANIZATION', 'OTHER',
       'PERSON', 'TIME'], dtype='<U12'), array(['DEFINITION', 'LOCATION', 'MEASURE', 'ORGANIZATION', 'OTHER',
       'PERSON', 'TIME'], dtype='<U12'), array(['DEFINITION', 'LOCATION', 'MEASURE', 'ORGANIZATION', 'OTHER',
       'PERSON', 'TIME'], dtype='<U12'), array(['DEFINITION', 'LOCATION', 'MEASURE', 'ORGANIZATION', 'OTHER',
       'PERSON', 'TIME'], dtype='<U12')]","[[357.   28.   12.4  18.2  34.2  31.4  14. ]
 [ 15.  196.2  34.   49.6  65.2  42.2  33.4]
 [ 12.4  51.4 225.   36.8  57.2  50.2  39.2]
 [  3.   11.4   3.8  27.4  20.    8.4   9.4]
 [  5.6  17.   13.4  27.8  43.   21.6  20.4]
 [ 28.6  50.   44.   64.2  92.2 227.8  27. ]
 [  6.   24.4  16.8  19.8  24.6  20.4 103. ]]",0.34534516334533694,0.4400729547486025,0.46070912291102495,0.45444156047487405,0.0781167984008789,1080
27,SVM W2V,0.49436860068259386,"[array(['DEFINITION', 'LOCATION', 'MEASURE', 'ORGANIZATION', 'OTHER',
       'PERSON', 'TIME'], dtype='<U12'), array(['DEFINITION', 'LOCATION', 'MEASURE', 'ORGANIZATION', 'OTHER',
       'PERSON', 'TIME'], dtype='<U12'), array(['DEFINITION', 'LOCATION', 'MEASURE', 'ORGANIZATION', 'OTHER',
       'PERSON', 'TIME'], dtype='<U12'), array(['DEFINITION', 'LOCATION', 'MEASURE', 'ORGANIZATION', 'OTHER',
       'PERSON', 'TIME'], dtype='<U12'), array(['DEFINITION', 'LOCATION', 'MEASURE', 'ORGANIZATION', 'OTHER',
       'PERSON', 'TIME'], dtype='<U12')]","[[353.4  27.   12.2  19.2  35.8  31.8  14.4]
 [ 14.6 193.2  32.8  50.2  63.2  42.6  33. ]
 [ 12.6  50.4 220.8  36.2  57.8  51.6  39.8]
 [  2.6  11.    4.   26.8  18.2   6.6   8.4]
 [  5.8  16.   13.   26.2  40.6  21.6  18.8]
 [ 26.4  49.   42.8  63.6  90.6 222.2  26.6]
 [  5.   24.6  16.4  18.4  25.   19.4 101.8]]",0.36092638969421387,0.4389606456477718,0.4605204110457196,0.45446223039171746,0.08434944152832032,1120
28,SVM W2V,0.4940104166666667,"[array(['DEFINITION', 'LOCATION', 'MEASURE', 'ORGANIZATION', 'OTHER',
       'PERSON', 'TIME'], dtype='<U12'), array(['DEFINITION', 'LOCATION', 'MEASURE', 'ORGANIZATION', 'OTHER',
       'PERSON', 'TIME'], dtype='<U12'), array(['DEFINITION', 'LOCATION', 'MEASURE', 'ORGANIZATION', 'OTHER',
       'PERSON', 'TIME'], dtype='<U12'), array(['DEFINITION', 'LOCATION', 'MEASURE', 'ORGANIZATION', 'OTHER',
       'PERSON', 'TIME'], dtype='<U12'), array(['DEFINITION', 'LOCATION', 'MEASURE', 'ORGANIZATION', 'OTHER',
       'PERSON', 'TIME'], dtype='<U12')]","[[347.4  26.6  11.2  19.   34.6  30.4  14. ]
 [ 13.8 189.   33.2  47.4  61.6  39.4  33. ]
 [ 11.4  48.8 216.   38.4  57.2  50.8  38.6]
 [  2.   12.4   4.4  26.   17.8   6.8   9.4]
 [  6.4  16.4  11.4  24.2  39.8  21.6  18.6]
 [ 26.2  48.6  43.8  63.2  90.  220.2  25.8]
 [  4.8  24.2  16.4  17.2  24.6  20.2  99.8]]",0.36856303215026853,0.4384934917154407,0.45991674407204225,0.4530850318438189,0.08435606956481934,1160
29,SVM W2V,0.49390459363957595,"[array(['DEFINITION', 'LOCATION', 'MEASURE', 'ORGANIZATION', 'OTHER',
       'PERSON', 'TIME'], dtype='<U12'), array(['DEFINITION', 'LOCATION', 'MEASURE', 'ORGANIZATION', 'OTHER',
       'PERSON', 'TIME'], dtype='<U12'), array(['DEFINITION', 'LOCATION', 'MEASURE', 'ORGANIZATION', 'OTHER',
       'PERSON', 'TIME'], dtype='<U12'), array(['DEFINITION', 'LOCATION', 'MEASURE', 'ORGANIZATION', 'OTHER',
       'PERSON', 'TIME'], dtype='<U12'), array(['DEFINITION', 'LOCATION', 'MEASURE', 'ORGANIZATION', 'OTHER',
       'PERSON', 'TIME'], dtype='<U12')]","[[341.8  28.4  11.   18.8  34.8  29.4  14.4]
 [ 14.  183.   30.6  47.6  59.4  40.4  33.4]
 [ 12.   51.8 215.8  37.8  57.6  51.2  37.4]
 [  1.8  11.6   4.   25.4  18.4   7.   10.4]
 [  4.8  15.2  11.   24.4  38.6  21.   17.4]
 [ 25.   46.   42.   61.2  86.8 215.4  23.4]
 [  4.4  22.6  15.2  17.6  24.8  19.8  98.2]]",0.3967454433441162,0.43784692827288935,0.460393001391481,0.452008771513404,0.08122344017028808,1200
30,SVM W2V,0.4933453237410072,"[array(['DEFINITION', 'LOCATION', 'MEASURE', 'ORGANIZATION', 'OTHER',
       'PERSON', 'TIME'], dtype='<U12'), array(['DEFINITION', 'LOCATION', 'MEASURE', 'ORGANIZATION', 'OTHER',
       'PERSON', 'TIME'], dtype='<U12'), array(['DEFINITION', 'LOCATION', 'MEASURE', 'ORGANIZATION', 'OTHER',
       'PERSON', 'TIME'], dtype='<U12'), array(['DEFINITION', 'LOCATION', 'MEASURE', 'ORGANIZATION', 'OTHER',
       'PERSON', 'TIME'], dtype='<U12'), array(['DEFINITION', 'LOCATION', 'MEASURE', 'ORGANIZATION', 'OTHER',
       'PERSON', 'TIME'], dtype='<U12')]","[[336.6  28.2  11.   18.8  35.   30.8  14. ]
 [ 12.4 180.4  30.2  48.2  58.2  40.8  33.4]
 [ 12.   50.8 212.4  38.2  57.2  52.4  37.2]
 [  2.6  10.8   4.2  23.4  18.2   6.    9. ]
 [  4.6  15.   11.4  22.6  37.   19.   15.8]
 [ 23.8  44.2  41.2  60.2  85.2 210.6  23.6]
 [  4.4  22.   13.8  17.6  25.   17.8  96.8]]",0.3975212574005127,0.4362936656062068,0.45984933809829265,0.4511683432090844,0.0781167984008789,1240
31,SVM W2V,0.4967032967032967,"[array(['DEFINITION', 'LOCATION', 'MEASURE', 'ORGANIZATION', 'OTHER',
       'PERSON', 'TIME'], dtype='<U12'), array(['DEFINITION', 'LOCATION', 'MEASURE', 'ORGANIZATION', 'OTHER',
       'PERSON', 'TIME'], dtype='<U12'), array(['DEFINITION', 'LOCATION', 'MEASURE', 'ORGANIZATION', 'OTHER',
       'PERSON', 'TIME'], dtype='<U12'), array(['DEFINITION', 'LOCATION', 'MEASURE', 'ORGANIZATION', 'OTHER',
       'PERSON', 'TIME'], dtype='<U12'), array(['DEFINITION', 'LOCATION', 'MEASURE', 'ORGANIZATION', 'OTHER',
       'PERSON', 'TIME'], dtype='<U12')]","[[331.   27.8  10.6  19.4  35.   30.4  14. ]
 [ 12.8 179.   27.4  48.6  56.4  39.   33. ]
 [ 11.6  48.2 211.6  37.2  56.6  51.8  36.4]
 [  2.4  10.    4.   23.6  17.8   6.    8.4]
 [  4.2  13.4  10.4  22.8  35.6  18.8  14.4]
 [ 21.4  42.4  39.8  57.6  83.2 208.2  22.6]
 [  4.4  24.   14.8  16.8  25.6  17.8  95.8]]",0.4061454772949219,0.438784080828518,0.4636691607830358,0.4537596496455813,0.07810568809509277,1280
32,SVM W2V,0.4967350746268656,"[array(['DEFINITION', 'LOCATION', 'MEASURE', 'ORGANIZATION', 'OTHER',
       'PERSON', 'TIME'], dtype='<U12'), array(['DEFINITION', 'LOCATION', 'MEASURE', 'ORGANIZATION', 'OTHER',
       'PERSON', 'TIME'], dtype='<U12'), array(['DEFINITION', 'LOCATION', 'MEASURE', 'ORGANIZATION', 'OTHER',
       'PERSON', 'TIME'], dtype='<U12'), array(['DEFINITION', 'LOCATION', 'MEASURE', 'ORGANIZATION', 'OTHER',
       'PERSON', 'TIME'], dtype='<U12'), array(['DEFINITION', 'LOCATION', 'MEASURE', 'ORGANIZATION', 'OTHER',
       'PERSON', 'TIME'], dtype='<U12')]","[[326.   27.6  10.4  19.   34.4  30.2  14. ]
 [ 12.4 176.   26.   47.2  54.8  38.4  31. ]
 [ 11.6  48.6 206.8  37.6  55.8  51.6  37.4]
 [  2.4  10.8   3.6  24.6  19.4   7.8   9.4]
 [  3.8  12.2  11.2  21.   34.2  17.4  13.8]
 [ 19.8  41.4  39.4  55.2  82.6 204.   22.2]
 [  4.   23.4  13.4  16.4  24.   16.4  93.4]]",0.43197927474975584,0.43937850211555596,0.46385999029053737,0.45323417043052083,0.07811121940612793,1320
33,SVM W2V,0.4977186311787071,"[array(['DEFINITION', 'LOCATION', 'MEASURE', 'ORGANIZATION', 'OTHER',
       'PERSON', 'TIME'], dtype='<U12'), array(['DEFINITION', 'LOCATION', 'MEASURE', 'ORGANIZATION', 'OTHER',
       'PERSON', 'TIME'], dtype='<U12'), array(['DEFINITION', 'LOCATION', 'MEASURE', 'ORGANIZATION', 'OTHER',
       'PERSON', 'TIME'], dtype='<U12'), array(['DEFINITION', 'LOCATION', 'MEASURE', 'ORGANIZATION', 'OTHER',
       'PERSON', 'TIME'], dtype='<U12'), array(['DEFINITION', 'LOCATION', 'MEASURE', 'ORGANIZATION', 'OTHER',
       'PERSON', 'TIME'], dtype='<U12')]","[[321.4  27.6  10.4  19.2  34.8  30.   14. ]
 [ 11.8 171.6  27.2  46.4  53.2  36.6  28.4]
 [ 11.   49.  202.2  37.2  56.   51.6  35.6]
 [  2.6   9.6   3.8  23.4  18.8   6.2   9. ]
 [  3.8  12.8  10.   19.6  33.8  17.2  13.2]
 [ 18.2  39.2  38.   54.8  80.  202.2  23.4]
 [  4.2  24.2  13.6  16.6  23.8  14.2  92.6]]",0.4406006336212158,0.43946538480004715,0.46488358592716333,0.45424809510249864,0.0812291145324707,1360
34,SVM W2V,0.4952519379844961,"[array(['DEFINITION', 'LOCATION', 'MEASURE', 'ORGANIZATION', 'OTHER',
       'PERSON', 'TIME'], dtype='<U12'), array(['DEFINITION', 'LOCATION', 'MEASURE', 'ORGANIZATION', 'OTHER',
       'PERSON', 'TIME'], dtype='<U12'), array(['DEFINITION', 'LOCATION', 'MEASURE', 'ORGANIZATION', 'OTHER',
       'PERSON', 'TIME'], dtype='<U12'), array(['DEFINITION', 'LOCATION', 'MEASURE', 'ORGANIZATION', 'OTHER',
       'PERSON', 'TIME'], dtype='<U12'), array(['DEFINITION', 'LOCATION', 'MEASURE', 'ORGANIZATION', 'OTHER',
       'PERSON', 'TIME'], dtype='<U12')]","[[313.4  26.8   9.6  18.8  34.   30.2  14.2]
 [ 12.  169.   27.   45.   53.   38.   28.2]
 [ 10.8  49.  197.6  38.2  55.2  51.2  35. ]
 [  2.4   9.6   3.2  23.6  18.6   7.    9.4]
 [  3.2  12.4  10.4  19.   33.8  17.6  14. ]
 [ 17.6  38.   36.2  52.2  77.  195.   22. ]
 [  4.2  23.   13.4  17.   23.6  14.6  89.8]]",0.45407834053039553,0.43822482327547474,0.46339816655537414,0.45277560021455787,0.07497458457946778,1400
35,SVM W2V,0.49594861660079054,"[array(['DEFINITION', 'LOCATION', 'MEASURE', 'ORGANIZATION', 'OTHER',
       'PERSON', 'TIME'], dtype='<U12'), array(['DEFINITION', 'LOCATION', 'MEASURE', 'ORGANIZATION', 'OTHER',
       'PERSON', 'TIME'], dtype='<U12'), array(['DEFINITION', 'LOCATION', 'MEASURE', 'ORGANIZATION', 'OTHER',
       'PERSON', 'TIME'], dtype='<U12'), array(['DEFINITION', 'LOCATION', 'MEASURE', 'ORGANIZATION', 'OTHER',
       'PERSON', 'TIME'], dtype='<U12'), array(['DEFINITION', 'LOCATION', 'MEASURE', 'ORGANIZATION', 'OTHER',
       'PERSON', 'TIME'], dtype='<U12')]","[[307.   26.4   9.4  17.8  34.   29.   13.6]
 [ 11.6 166.6  26.8  45.6  51.6  36.6  27.8]
 [ 11.2  47.8 193.6  36.8  55.   51.4  33.8]
 [  2.4   9.6   3.6  24.2  18.2   7.    9. ]
 [  2.8  11.8   9.4  17.8  31.6  17.2  12.2]
 [ 17.2  37.2  36.   50.8  75.8 190.4  22.8]
 [  4.   22.2  12.6  16.2  23.6  14.6  90.4]]",0.4717085361480713,0.43934646879576356,0.464818583032203,0.454703271692911,0.07497735023498535,1440
36,SVM W2V,0.4934475806451613,"[array(['DEFINITION', 'LOCATION', 'MEASURE', 'ORGANIZATION', 'OTHER',
       'PERSON', 'TIME'], dtype='<U12'), array(['DEFINITION', 'LOCATION', 'MEASURE', 'ORGANIZATION', 'OTHER',
       'PERSON', 'TIME'], dtype='<U12'), array(['DEFINITION', 'LOCATION', 'MEASURE', 'ORGANIZATION', 'OTHER',
       'PERSON', 'TIME'], dtype='<U12'), array(['DEFINITION', 'LOCATION', 'MEASURE', 'ORGANIZATION', 'OTHER',
       'PERSON', 'TIME'], dtype='<U12'), array(['DEFINITION', 'LOCATION', 'MEASURE', 'ORGANIZATION', 'OTHER',
       'PERSON', 'TIME'], dtype='<U12')]","[[300.2  26.2   9.2  18.   33.8  29.4  12.6]
 [ 11.  161.2  24.8  43.2  48.6  33.8  26.4]
 [ 11.2  48.6 189.4  37.2  52.6  51.8  34.2]
 [  2.8   8.8   3.8  23.6  17.4   7.    9. ]
 [  3.4  11.    8.8  17.6  30.2  16.   12.4]
 [ 16.4  38.2  34.4  50.2  77.4 186.2  22. ]
 [  3.8  23.   13.2  16.4  24.4  15.   88.2]]",0.48179144859313966,0.4366249531957016,0.4629991477719681,0.45198200045943404,0.06559195518493652,1480
37,SVM W2V,0.49711934156378607,"[array(['DEFINITION', 'LOCATION', 'MEASURE', 'ORGANIZATION', 'OTHER',
       'PERSON', 'TIME'], dtype='<U12'), array(['DEFINITION', 'LOCATION', 'MEASURE', 'ORGANIZATION', 'OTHER',
       'PERSON', 'TIME'], dtype='<U12'), array(['DEFINITION', 'LOCATION', 'MEASURE', 'ORGANIZATION', 'OTHER',
       'PERSON', 'TIME'], dtype='<U12'), array(['DEFINITION', 'LOCATION', 'MEASURE', 'ORGANIZATION', 'OTHER',
       'PERSON', 'TIME'], dtype='<U12'), array(['DEFINITION', 'LOCATION', 'MEASURE', 'ORGANIZATION', 'OTHER',
       'PERSON', 'TIME'], dtype='<U12')]","[[294.6  25.4   8.6  17.6  33.8  29.   11.8]
 [ 11.  159.8  24.2  41.6  48.   33.6  26.2]
 [ 10.2  47.2 186.4  35.2  51.4  49.6  32.2]
 [  2.6   8.    4.   23.8  16.8   6.    9.4]
 [  2.6  10.4   8.6  16.4  30.4  16.2  11. ]
 [ 17.2  37.6  34.4  50.   76.  184.   22.4]
 [  4.   21.4  12.8  16.4  23.   13.8  87.4]]",0.4948465824127197,0.4406936720027857,0.4665378720950204,0.45818098775960026,0.07498674392700196,1520
38,SVM W2V,0.49747899159663866,"[array(['DEFINITION', 'LOCATION', 'MEASURE', 'ORGANIZATION', 'OTHER',
       'PERSON', 'TIME'], dtype='<U12'), array(['DEFINITION', 'LOCATION', 'MEASURE', 'ORGANIZATION', 'OTHER',
       'PERSON', 'TIME'], dtype='<U12'), array(['DEFINITION', 'LOCATION', 'MEASURE', 'ORGANIZATION', 'OTHER',
       'PERSON', 'TIME'], dtype='<U12'), array(['DEFINITION', 'LOCATION', 'MEASURE', 'ORGANIZATION', 'OTHER',
       'PERSON', 'TIME'], dtype='<U12'), array(['DEFINITION', 'LOCATION', 'MEASURE', 'ORGANIZATION', 'OTHER',
       'PERSON', 'TIME'], dtype='<U12')]","[[289.4  25.    8.6  16.8  31.4  27.4  11.2]
 [ 10.6 155.8  24.4  42.6  47.2  31.8  26.4]
 [  9.6  46.2 181.6  33.4  49.4  48.6  32.4]
 [  2.6   8.    3.6  23.8  17.    7.    8.8]
 [  3.2  10.2   7.8  16.2  30.2  16.   11.2]
 [ 17.   38.4  34.4  47.8  74.6 180.8  22. ]
 [  4.   20.6  12.2  16.   22.8  12.4  85.6]]",0.512549638748169,0.4414137419065883,0.466522124250634,0.4598518750719133,0.062477636337280276,1560
39,SVM W2V,0.4991416309012875,"[array(['DEFINITION', 'LOCATION', 'MEASURE', 'ORGANIZATION', 'OTHER',
       'PERSON', 'TIME'], dtype='<U12'), array(['DEFINITION', 'LOCATION', 'MEASURE', 'ORGANIZATION', 'OTHER',
       'PERSON', 'TIME'], dtype='<U12'), array(['DEFINITION', 'LOCATION', 'MEASURE', 'ORGANIZATION', 'OTHER',
       'PERSON', 'TIME'], dtype='<U12'), array(['DEFINITION', 'LOCATION', 'MEASURE', 'ORGANIZATION', 'OTHER',
       'PERSON', 'TIME'], dtype='<U12'), array(['DEFINITION', 'LOCATION', 'MEASURE', 'ORGANIZATION', 'OTHER',
       'PERSON', 'TIME'], dtype='<U12')]","[[284.4  24.4   8.4  16.8  31.2  27.2  11.4]
 [ 10.2 151.8  23.8  39.6  45.6  31.6  24.4]
 [  9.2  45.  177.6  32.2  48.8  47.4  32. ]
 [  3.    7.8   3.2  25.   16.2   7.8   9.6]
 [  3.4  10.4   9.   16.   30.8  16.2  11.4]
 [ 15.4  37.8  32.4  46.8  72.6 176.8  20.4]
 [  4.2  21.   12.   15.2  21.2  11.4  84. ]]",0.5467063426971436,0.44425931622800097,0.4683835434320744,0.4623959159873425,0.06874141693115235,1600
40,SVM W2V,0.49879385964912276,"[array(['DEFINITION', 'LOCATION', 'MEASURE', 'ORGANIZATION', 'OTHER',
       'PERSON', 'TIME'], dtype='<U12'), array(['DEFINITION', 'LOCATION', 'MEASURE', 'ORGANIZATION', 'OTHER',
       'PERSON', 'TIME'], dtype='<U12'), array(['DEFINITION', 'LOCATION', 'MEASURE', 'ORGANIZATION', 'OTHER',
       'PERSON', 'TIME'], dtype='<U12'), array(['DEFINITION', 'LOCATION', 'MEASURE', 'ORGANIZATION', 'OTHER',
       'PERSON', 'TIME'], dtype='<U12'), array(['DEFINITION', 'LOCATION', 'MEASURE', 'ORGANIZATION', 'OTHER',
       'PERSON', 'TIME'], dtype='<U12')]","[[278.6  25.2   8.   16.4  30.8  26.4  12. ]
 [  9.  147.8  23.6  39.4  44.2  31.   24. ]
 [  9.4  43.2 171.8  30.2  47.2  46.   30.6]
 [  2.6   7.6   2.8  24.   14.6   6.8   9.6]
 [  3.2  10.6   9.6  16.6  31.2  16.2  10.4]
 [ 16.8  38.4  32.2  46.2  70.6 174.6  20. ]
 [  4.2  19.4  12.4  14.8  20.4  11.6  81.8]]",0.5639036655426025,0.44389897766702724,0.4672743051363442,0.46284412554305304,0.06560745239257812,1640
41,SVM W2V,0.49977578475336326,"[array(['DEFINITION', 'LOCATION', 'MEASURE', 'ORGANIZATION', 'OTHER',
       'PERSON', 'TIME'], dtype='<U12'), array(['DEFINITION', 'LOCATION', 'MEASURE', 'ORGANIZATION', 'OTHER',
       'PERSON', 'TIME'], dtype='<U12'), array(['DEFINITION', 'LOCATION', 'MEASURE', 'ORGANIZATION', 'OTHER',
       'PERSON', 'TIME'], dtype='<U12'), array(['DEFINITION', 'LOCATION', 'MEASURE', 'ORGANIZATION', 'OTHER',
       'PERSON', 'TIME'], dtype='<U12'), array(['DEFINITION', 'LOCATION', 'MEASURE', 'ORGANIZATION', 'OTHER',
       'PERSON', 'TIME'], dtype='<U12')]","[[273.4  24.    7.8  16.   29.8  25.2  11. ]
 [  8.8 147.   22.8  37.4  43.8  30.6  24.4]
 [  9.2  43.  167.8  30.4  48.2  45.6  29.2]
 [  2.6   7.2   3.2  22.8  14.2   7.4   8.6]
 [  2.8  10.2   8.4  17.4  30.8  15.8   9.4]
 [ 16.4  37.   31.6  45.   67.4 168.8  20. ]
 [  4.   18.   11.6  15.2  20.2  11.6  81. ]]",0.5715793609619141,0.44496762978173743,0.4686673752918516,0.4639762798437353,0.06248273849487305,1680
42,SVM W2V,0.5020642201834862,"[array(['DEFINITION', 'LOCATION', 'MEASURE', 'ORGANIZATION', 'OTHER',
       'PERSON', 'TIME'], dtype='<U12'), array(['DEFINITION', 'LOCATION', 'MEASURE', 'ORGANIZATION', 'OTHER',
       'PERSON', 'TIME'], dtype='<U12'), array(['DEFINITION', 'LOCATION', 'MEASURE', 'ORGANIZATION', 'OTHER',
       'PERSON', 'TIME'], dtype='<U12'), array(['DEFINITION', 'LOCATION', 'MEASURE', 'ORGANIZATION', 'OTHER',
       'PERSON', 'TIME'], dtype='<U12'), array(['DEFINITION', 'LOCATION', 'MEASURE', 'ORGANIZATION', 'OTHER',
       'PERSON', 'TIME'], dtype='<U12')]","[[267.6  23.8   7.8  15.6  28.8  23.2  10.8]
 [  8.6 144.4  22.   36.2  42.4  29.6  23.8]
 [  9.   41.4 164.6  29.6  46.   45.   29. ]
 [  2.6   7.2   3.4  23.8  16.6   8.2  10. ]
 [  2.8   9.8   7.8  15.6  28.2  14.6   8.8]
 [ 16.   35.6  30.8  43.8  65.8 167.4  18.8]
 [  3.8  17.8  11.4  13.4  20.2  11.   79.6]]",0.5725193023681641,0.44697212580341106,0.47040361594654473,0.4638223497373605,0.062494945526123044,1720
43,SVM W2V,0.5019953051643192,"[array(['DEFINITION', 'LOCATION', 'MEASURE', 'ORGANIZATION', 'OTHER',
       'PERSON', 'TIME'], dtype='<U12'), array(['DEFINITION', 'LOCATION', 'MEASURE', 'ORGANIZATION', 'OTHER',
       'PERSON', 'TIME'], dtype='<U12'), array(['DEFINITION', 'LOCATION', 'MEASURE', 'ORGANIZATION', 'OTHER',
       'PERSON', 'TIME'], dtype='<U12'), array(['DEFINITION', 'LOCATION', 'MEASURE', 'ORGANIZATION', 'OTHER',
       'PERSON', 'TIME'], dtype='<U12'), array(['DEFINITION', 'LOCATION', 'MEASURE', 'ORGANIZATION', 'OTHER',
       'PERSON', 'TIME'], dtype='<U12')]","[[260.4  23.2   7.8  14.   27.2  22.8  10.6]
 [  9.  140.2  21.   35.6  41.8  29.8  22.4]
 [  9.2  41.4 162.8  29.4  45.6  44.2  28.2]
 [  2.6   7.6   3.   22.6  16.6   7.2  10. ]
 [  2.8   9.2   7.6  15.4  27.6  14.4   9.4]
 [ 15.6  34.6  29.2  42.6  65.4 163.   17.4]
 [  3.8  17.2  11.2  13.4  18.6  10.6  78.8]]",0.5967681407928467,0.4471598347074429,0.47043649125894965,0.4631646615233994,0.062476396560668945,1760
44,SVM W2V,0.5043269230769231,"[array(['DEFINITION', 'LOCATION', 'MEASURE', 'ORGANIZATION', 'OTHER',
       'PERSON', 'TIME'], dtype='<U12'), array(['DEFINITION', 'LOCATION', 'MEASURE', 'ORGANIZATION', 'OTHER',
       'PERSON', 'TIME'], dtype='<U12'), array(['DEFINITION', 'LOCATION', 'MEASURE', 'ORGANIZATION', 'OTHER',
       'PERSON', 'TIME'], dtype='<U12'), array(['DEFINITION', 'LOCATION', 'MEASURE', 'ORGANIZATION', 'OTHER',
       'PERSON', 'TIME'], dtype='<U12'), array(['DEFINITION', 'LOCATION', 'MEASURE', 'ORGANIZATION', 'OTHER',
       'PERSON', 'TIME'], dtype='<U12')]","[[255.4  22.6   7.2  13.8  24.2  22.   10.2]
 [  9.  137.6  20.   34.4  40.6  27.4  21. ]
 [  9.2  40.  159.2  28.2  45.4  43.6  27.6]
 [  2.4   7.    3.   22.2  16.2   7.   10.4]
 [  2.4   9.8   7.   16.2  28.6  13.8   9.4]
 [ 15.   33.6  30.2  40.8  63.4 159.8  17.2]
 [  3.6  16.8  10.6  13.   18.8  10.8  76.4]]",0.6113959789276123,0.44981902915634847,0.4722837990522608,0.4663880586163772,0.0593597412109375,1800
45,SVM W2V,0.5050492610837438,"[array(['DEFINITION', 'LOCATION', 'MEASURE', 'ORGANIZATION', 'OTHER',
       'PERSON', 'TIME'], dtype='<U12'), array(['DEFINITION', 'LOCATION', 'MEASURE', 'ORGANIZATION', 'OTHER',
       'PERSON', 'TIME'], dtype='<U12'), array(['DEFINITION', 'LOCATION', 'MEASURE', 'ORGANIZATION', 'OTHER',
       'PERSON', 'TIME'], dtype='<U12'), array(['DEFINITION', 'LOCATION', 'MEASURE', 'ORGANIZATION', 'OTHER',
       'PERSON', 'TIME'], dtype='<U12'), array(['DEFINITION', 'LOCATION', 'MEASURE', 'ORGANIZATION', 'OTHER',
       'PERSON', 'TIME'], dtype='<U12')]","[[250.6  22.    6.6  13.6  24.6  21.4   9.8]
 [  8.4 133.4  20.8  33.6  40.6  26.8  21.6]
 [  9.   37.4 155.2  26.4  44.2  42.4  26.8]
 [  2.4   6.8   3.4  22.2  15.8   6.4   9.8]
 [  2.6   9.6   6.6  15.8  27.   13.2   9. ]
 [ 14.4  33.4  29.   39.4  61.6 157.   17.2]
 [  3.8  17.2   9.8  13.2  17.4  10.   74.8]]",0.6216105937957763,0.4500695627265583,0.47246592621485056,0.46599232665208296,0.05624046325683594,1840
46,SVM W2V,0.5060606060606061,"[array(['DEFINITION', 'LOCATION', 'MEASURE', 'ORGANIZATION', 'OTHER',
       'PERSON', 'TIME'], dtype='<U12'), array(['DEFINITION', 'LOCATION', 'MEASURE', 'ORGANIZATION', 'OTHER',
       'PERSON', 'TIME'], dtype='<U12'), array(['DEFINITION', 'LOCATION', 'MEASURE', 'ORGANIZATION', 'OTHER',
       'PERSON', 'TIME'], dtype='<U12'), array(['DEFINITION', 'LOCATION', 'MEASURE', 'ORGANIZATION', 'OTHER',
       'PERSON', 'TIME'], dtype='<U12'), array(['DEFINITION', 'LOCATION', 'MEASURE', 'ORGANIZATION', 'OTHER',
       'PERSON', 'TIME'], dtype='<U12')]","[[244.4  20.4   6.2  12.8  23.2  22.2   9. ]
 [  8.  130.   20.6  33.   39.6  26.6  22. ]
 [  8.4  37.6 151.4  25.4  42.4  40.8  26.2]
 [  2.6   6.8   3.   22.2  15.    5.6   8.8]
 [  2.6   9.2   6.4  15.6  26.8  12.    7.6]
 [ 13.6  32.6  28.8  39.4  61.  153.2  17. ]
 [  3.6  16.8   9.8  12.4  18.6   9.2  73.6]]",0.6469264984130859,0.45186344445038423,0.4742255918621366,0.47001563146418046,0.06561121940612794,1880
47,SVM W2V,0.5077720207253886,"[array(['DEFINITION', 'LOCATION', 'MEASURE', 'ORGANIZATION', 'OTHER',
       'PERSON', 'TIME'], dtype='<U12'), array(['DEFINITION', 'LOCATION', 'MEASURE', 'ORGANIZATION', 'OTHER',
       'PERSON', 'TIME'], dtype='<U12'), array(['DEFINITION', 'LOCATION', 'MEASURE', 'ORGANIZATION', 'OTHER',
       'PERSON', 'TIME'], dtype='<U12'), array(['DEFINITION', 'LOCATION', 'MEASURE', 'ORGANIZATION', 'OTHER',
       'PERSON', 'TIME'], dtype='<U12'), array(['DEFINITION', 'LOCATION', 'MEASURE', 'ORGANIZATION', 'OTHER',
       'PERSON', 'TIME'], dtype='<U12')]","[[238.4  20.    6.2  12.8  21.8  21.4   9.4]
 [  7.2 128.4  19.4  32.8  38.   25.8  22. ]
 [  7.8  37.6 148.6  24.6  40.6  37.8  26. ]
 [  2.4   6.6   2.8  20.6  13.8   5.8   7.8]
 [  2.8   8.2   6.8  15.2  27.4  11.2   8.6]
 [ 13.2  31.4  28.   39.6  59.8 150.   16.4]
 [  3.6  15.8   9.6  12.   17.8   9.6  70.6]]",0.6445556163787842,0.45249263991219807,0.4748935623698752,0.471173033977608,0.059363937377929686,1920
48,SVM W2V,0.5078457446808511,"[array(['DEFINITION', 'LOCATION', 'MEASURE', 'ORGANIZATION', 'OTHER',
       'PERSON', 'TIME'], dtype='<U12'), array(['DEFINITION', 'LOCATION', 'MEASURE', 'ORGANIZATION', 'OTHER',
       'PERSON', 'TIME'], dtype='<U12'), array(['DEFINITION', 'LOCATION', 'MEASURE', 'ORGANIZATION', 'OTHER',
       'PERSON', 'TIME'], dtype='<U12'), array(['DEFINITION', 'LOCATION', 'MEASURE', 'ORGANIZATION', 'OTHER',
       'PERSON', 'TIME'], dtype='<U12'), array(['DEFINITION', 'LOCATION', 'MEASURE', 'ORGANIZATION', 'OTHER',
       'PERSON', 'TIME'], dtype='<U12')]","[[232.4  20.2   5.8  12.8  21.6  21.8   8.4]
 [  7.2 124.8  17.8  30.8  36.8  25.4  21.4]
 [  7.8  36.2 145.8  25.2  38.8  37.   25.4]
 [  2.2   5.8   2.6  19.2  13.4   6.    8.4]
 [  2.6   9.2   6.2  16.2  27.6  11.8   8. ]
 [ 12.2  30.   27.4  37.4  57.4 145.2  15.6]
 [  3.6  15.8   9.2  12.   18.4   8.4  68.8]]",0.6810954093933106,0.4524403158739223,0.4751277868416265,0.46934835792149787,0.05310945510864258,1960
49,SVM W2V,0.5101092896174864,"[array(['DEFINITION', 'LOCATION', 'MEASURE', 'ORGANIZATION', 'OTHER',
       'PERSON', 'TIME'], dtype='<U12'), array(['DEFINITION', 'LOCATION', 'MEASURE', 'ORGANIZATION', 'OTHER',
       'PERSON', 'TIME'], dtype='<U12'), array(['DEFINITION', 'LOCATION', 'MEASURE', 'ORGANIZATION', 'OTHER',
       'PERSON', 'TIME'], dtype='<U12'), array(['DEFINITION', 'LOCATION', 'MEASURE', 'ORGANIZATION', 'OTHER',
       'PERSON', 'TIME'], dtype='<U12'), array(['DEFINITION', 'LOCATION', 'MEASURE', 'ORGANIZATION', 'OTHER',
       'PERSON', 'TIME'], dtype='<U12')]","[[224.4  18.2   5.2  12.4  21.8  22.2   8. ]
 [  6.8 122.2  17.6  30.2  35.2  24.8  20.8]
 [  7.2  35.8 142.2  24.2  38.2  34.8  22.6]
 [  2.2   5.6   2.8  18.6  13.6   5.8   8.4]
 [  2.4   9.    5.8  15.2  26.4   9.6   7.8]
 [ 12.2  28.4  26.8  37.   54.8 143.8  16. ]
 [  3.4  15.8   9.8  11.   18.2   9.6  69.2]]",0.6812230587005615,0.45450630084045435,0.4777357958875621,0.47139702545096035,0.05622806549072266,2000
50,SVM W2V,0.5066011235955056,"[array(['DEFINITION', 'LOCATION', 'MEASURE', 'ORGANIZATION', 'OTHER',
       'PERSON', 'TIME'], dtype='<U12'), array(['DEFINITION', 'LOCATION', 'MEASURE', 'ORGANIZATION', 'OTHER',
       'PERSON', 'TIME'], dtype='<U12'), array(['DEFINITION', 'LOCATION', 'MEASURE', 'ORGANIZATION', 'OTHER',
       'PERSON', 'TIME'], dtype='<U12'), array(['DEFINITION', 'LOCATION', 'MEASURE', 'ORGANIZATION', 'OTHER',
       'PERSON', 'TIME'], dtype='<U12'), array(['DEFINITION', 'LOCATION', 'MEASURE', 'ORGANIZATION', 'OTHER',
       'PERSON', 'TIME'], dtype='<U12')]","[[216.8  18.    5.6  10.6  20.8  21.4   8. ]
 [  6.8 119.4  18.2  28.8  34.8  25.8  20.2]
 [  7.4  35.6 136.8  23.4  38.4  35.2  23.4]
 [  2.6   6.2   2.4  18.6  14.    5.4   8.4]
 [  2.6   9.    5.6  14.6  24.2   9.8   7.4]
 [ 10.8  25.8  25.8  37.   53.  138.8  15. ]
 [  3.   14.2   9.4  10.6  18.2   9.4  66.8]]",0.7000791549682617,0.4515668189608256,0.4749862145495468,0.46686564601762914,0.04999055862426758,2040
51,SVM W2V,0.5060693641618496,"[array(['DEFINITION', 'LOCATION', 'MEASURE', 'ORGANIZATION', 'OTHER',
       'PERSON', 'TIME'], dtype='<U12'), array(['DEFINITION', 'LOCATION', 'MEASURE', 'ORGANIZATION', 'OTHER',
       'PERSON', 'TIME'], dtype='<U12'), array(['DEFINITION', 'LOCATION', 'MEASURE', 'ORGANIZATION', 'OTHER',
       'PERSON', 'TIME'], dtype='<U12'), array(['DEFINITION', 'LOCATION', 'MEASURE', 'ORGANIZATION', 'OTHER',
       'PERSON', 'TIME'], dtype='<U12'), array(['DEFINITION', 'LOCATION', 'MEASURE', 'ORGANIZATION', 'OTHER',
       'PERSON', 'TIME'], dtype='<U12')]","[[213.   17.6   5.6  10.6  20.4  20.    8. ]
 [  6.6 115.2  16.8  28.4  34.4  24.8  19.8]
 [  6.8  35.  133.   23.4  37.2  36.   24. ]
 [  2.4   6.8   2.6  17.4  12.4   5.6   8.2]
 [  2.8   9.2   5.4  15.   23.6  10.2   6.8]
 [ 10.6  23.8  25.6  33.4  50.  134.2  14.4]
 [  2.8  13.2   8.8  11.2  17.4   9.6  64. ]]",0.7158960342407227,0.4498480382635691,0.47294819492659557,0.4643469132474892,0.046866321563720705,2080
52,SVM W2V,0.5080357142857143,"[array(['DEFINITION', 'LOCATION', 'MEASURE', 'ORGANIZATION', 'OTHER',
       'PERSON', 'TIME'], dtype='<U12'), array(['DEFINITION', 'LOCATION', 'MEASURE', 'ORGANIZATION', 'OTHER',
       'PERSON', 'TIME'], dtype='<U12'), array(['DEFINITION', 'LOCATION', 'MEASURE', 'ORGANIZATION', 'OTHER',
       'PERSON', 'TIME'], dtype='<U12'), array(['DEFINITION', 'LOCATION', 'MEASURE', 'ORGANIZATION', 'OTHER',
       'PERSON', 'TIME'], dtype='<U12'), array(['DEFINITION', 'LOCATION', 'MEASURE', 'ORGANIZATION', 'OTHER',
       'PERSON', 'TIME'], dtype='<U12')]","[[208.8  17.    5.   10.8  19.6  20.    7.6]
 [  6.2 111.4  16.2  28.   32.2  23.8  19.4]
 [  6.6  34.2 130.   21.8  36.2  34.6  22.8]
 [  2.4   6.4   2.6  17.   11.8   5.8   7.2]
 [  2.6   8.4   4.4  14.4  23.2  10.    7.2]
 [ 10.2  23.6  25.   33.2  49.6 130.2  14.8]
 [  2.8  13.    8.2  10.6  17.4   7.6  62.2]]",0.7277956008911133,0.4514508683520952,0.47470315125205004,0.46722501524977866,0.049979877471923825,2120
53,SVM W2V,0.5108895705521472,"[array(['DEFINITION', 'LOCATION', 'MEASURE', 'ORGANIZATION', 'OTHER',
       'PERSON', 'TIME'], dtype='<U12'), array(['DEFINITION', 'LOCATION', 'MEASURE', 'ORGANIZATION', 'OTHER',
       'PERSON', 'TIME'], dtype='<U12'), array(['DEFINITION', 'LOCATION', 'MEASURE', 'ORGANIZATION', 'OTHER',
       'PERSON', 'TIME'], dtype='<U12'), array(['DEFINITION', 'LOCATION', 'MEASURE', 'ORGANIZATION', 'OTHER',
       'PERSON', 'TIME'], dtype='<U12'), array(['DEFINITION', 'LOCATION', 'MEASURE', 'ORGANIZATION', 'OTHER',
       'PERSON', 'TIME'], dtype='<U12')]","[[203.4  16.2   4.8  10.8  18.8  19.8   7.6]
 [  6.2 109.8  15.4  27.6  31.2  23.6  18.4]
 [  6.6  33.4 126.8  20.8  34.   34.6  22. ]
 [  2.2   5.8   2.4  18.   12.2   5.6   8. ]
 [  2.4   8.4   5.6  13.2  22.6   9.4   7. ]
 [ 10.2  22.4  24.4  30.2  47.2 125.8  14.2]
 [  2.8  11.8   7.2   9.6  16.6   7.2  59.8]]",0.7380886077880859,0.4552058911635609,0.476588708722148,0.47226599769708494,0.046860551834106444,2160
54,SVM W2V,0.5137658227848101,"[array(['DEFINITION', 'LOCATION', 'MEASURE', 'ORGANIZATION', 'OTHER',
       'PERSON', 'TIME'], dtype='<U12'), array(['DEFINITION', 'LOCATION', 'MEASURE', 'ORGANIZATION', 'OTHER',
       'PERSON', 'TIME'], dtype='<U12'), array(['DEFINITION', 'LOCATION', 'MEASURE', 'ORGANIZATION', 'OTHER',
       'PERSON', 'TIME'], dtype='<U12'), array(['DEFINITION', 'LOCATION', 'MEASURE', 'ORGANIZATION', 'OTHER',
       'PERSON', 'TIME'], dtype='<U12'), array(['DEFINITION', 'LOCATION', 'MEASURE', 'ORGANIZATION', 'OTHER',
       'PERSON', 'TIME'], dtype='<U12')]","[[197.4  16.    5.   10.2  17.6  18.6   7.2]
 [  6.2 106.6  14.6  27.   29.6  22.2  17.6]
 [  6.4  31.8 122.8  21.2  33.   31.8  22. ]
 [  2.2   6.2   2.6  16.8  11.8   5.8   7.4]
 [  2.6   8.    4.4  12.   23.    9.4   6.8]
 [ 10.   21.   24.4  29.4  45.2 123.8  14. ]
 [  2.6  11.4   7.4   9.8  15.8   6.4  59. ]]",0.7624806880950927,0.45748214838747686,0.4786445441897942,0.4748065708489551,0.046860790252685545,2200
55,SVM W2V,0.5138888888888888,"[array(['DEFINITION', 'LOCATION', 'MEASURE', 'ORGANIZATION', 'OTHER',
       'PERSON', 'TIME'], dtype='<U12'), array(['DEFINITION', 'LOCATION', 'MEASURE', 'ORGANIZATION', 'OTHER',
       'PERSON', 'TIME'], dtype='<U12'), array(['DEFINITION', 'LOCATION', 'MEASURE', 'ORGANIZATION', 'OTHER',
       'PERSON', 'TIME'], dtype='<U12'), array(['DEFINITION', 'LOCATION', 'MEASURE', 'ORGANIZATION', 'OTHER',
       'PERSON', 'TIME'], dtype='<U12'), array(['DEFINITION', 'LOCATION', 'MEASURE', 'ORGANIZATION', 'OTHER',
       'PERSON', 'TIME'], dtype='<U12')]","[[191.6  16.    5.   10.2  17.2  18.    6. ]
 [  6.  102.4  14.4  26.   28.   22.6  17.2]
 [  5.4  32.  118.8  20.   31.8  31.   22.4]
 [  1.6   6.    2.6  16.2  10.8   5.8   6.4]
 [  2.4   7.    4.4  11.6  23.2   8.8   7. ]
 [ 10.4  20.   23.6  27.8  43.6 119.6  13.6]
 [  2.6  11.2   6.8  10.   15.4   6.4  57.2]]",0.775343656539917,0.4577274127535384,0.47863099779581075,0.47500673325434073,0.040611648559570314,2240
56,SVM W2V,0.5145270270270269,"[array(['DEFINITION', 'LOCATION', 'MEASURE', 'ORGANIZATION', 'OTHER',
       'PERSON', 'TIME'], dtype='<U12'), array(['DEFINITION', 'LOCATION', 'MEASURE', 'ORGANIZATION', 'OTHER',
       'PERSON', 'TIME'], dtype='<U12'), array(['DEFINITION', 'LOCATION', 'MEASURE', 'ORGANIZATION', 'OTHER',
       'PERSON', 'TIME'], dtype='<U12'), array(['DEFINITION', 'LOCATION', 'MEASURE', 'ORGANIZATION', 'OTHER',
       'PERSON', 'TIME'], dtype='<U12'), array(['DEFINITION', 'LOCATION', 'MEASURE', 'ORGANIZATION', 'OTHER',
       'PERSON', 'TIME'], dtype='<U12')]","[[184.2  15.4   4.8  10.   17.   18.    5.6]
 [  6.   99.4  14.4  25.4  27.2  21.6  16.8]
 [  5.4  30.4 115.   19.6  30.   30.2  21.4]
 [  1.6   5.4   2.4  14.8  10.2   5.8   6.8]
 [  2.2   7.2   4.8  11.4  23.    8.4   5.4]
 [ 10.2  19.4  23.2  27.   41.4 116.6  13.6]
 [  2.6  10.4   6.6   9.   14.8   5.8  56.2]]",0.7933848381042481,0.45840669718290616,0.4787806279881039,0.47699978862506287,0.03749351501464844,2280
57,SVM W2V,0.5159090909090909,"[array(['DEFINITION', 'LOCATION', 'MEASURE', 'ORGANIZATION', 'OTHER',
       'PERSON', 'TIME'], dtype='<U12'), array(['DEFINITION', 'LOCATION', 'MEASURE', 'ORGANIZATION', 'OTHER',
       'PERSON', 'TIME'], dtype='<U12'), array(['DEFINITION', 'LOCATION', 'MEASURE', 'ORGANIZATION', 'OTHER',
       'PERSON', 'TIME'], dtype='<U12'), array(['DEFINITION', 'LOCATION', 'MEASURE', 'ORGANIZATION', 'OTHER',
       'PERSON', 'TIME'], dtype='<U12'), array(['DEFINITION', 'LOCATION', 'MEASURE', 'ORGANIZATION', 'OTHER',
       'PERSON', 'TIME'], dtype='<U12')]","[[178.2  14.6   4.8  10.   16.8  17.2   5. ]
 [  6.2  95.6  13.6  25.4  25.2  21.   15.8]
 [  5.   29.  110.6  19.2  29.8  29.2  21.4]
 [  1.8   5.    2.   14.2   9.    5.8   6. ]
 [  2.2   6.6   5.2  11.2  23.2   8.8   6.6]
 [  9.4  18.8  22.2  25.8  37.6 113.   11.8]
 [  2.6  10.2   6.2   9.2  14.8   5.8  55.4]]",0.8155438423156738,0.46035510106640726,0.48061824636012396,0.4785301423097981,0.04060630798339844,2320
58,SVM W2V,0.5143115942028985,"[array(['DEFINITION', 'LOCATION', 'MEASURE', 'ORGANIZATION', 'OTHER',
       'PERSON', 'TIME'], dtype='<U12'), array(['DEFINITION', 'LOCATION', 'MEASURE', 'ORGANIZATION', 'OTHER',
       'PERSON', 'TIME'], dtype='<U12'), array(['DEFINITION', 'LOCATION', 'MEASURE', 'ORGANIZATION', 'OTHER',
       'PERSON', 'TIME'], dtype='<U12'), array(['DEFINITION', 'LOCATION', 'MEASURE', 'ORGANIZATION', 'OTHER',
       'PERSON', 'TIME'], dtype='<U12'), array(['DEFINITION', 'LOCATION', 'MEASURE', 'ORGANIZATION', 'OTHER',
       'PERSON', 'TIME'], dtype='<U12')]","[[173.4  13.6   4.6   9.   15.8  16.4   4.8]
 [  5.6  91.2  13.   24.6  24.   19.8  15. ]
 [  4.8  28.8 106.2  18.4  29.   28.   21. ]
 [  1.8   5.2   2.4  13.2   9.4   5.6   6.8]
 [  2.4   6.4   4.6  10.4  22.    8.8   5.6]
 [  9.6  17.8  21.   25.4  37.4 108.4  11.8]
 [  2.6   9.6   6.4   8.8  14.    6.2  53.4]]",0.816429615020752,0.45775687068003224,0.47828923418255076,0.4737886906921675,0.04061789512634277,2360
59,SVM W2V,0.5150375939849624,"[array(['DEFINITION', 'LOCATION', 'MEASURE', 'ORGANIZATION', 'OTHER',
       'PERSON', 'TIME'], dtype='<U12'), array(['DEFINITION', 'LOCATION', 'MEASURE', 'ORGANIZATION', 'OTHER',
       'PERSON', 'TIME'], dtype='<U12'), array(['DEFINITION', 'LOCATION', 'MEASURE', 'ORGANIZATION', 'OTHER',
       'PERSON', 'TIME'], dtype='<U12'), array(['DEFINITION', 'LOCATION', 'MEASURE', 'ORGANIZATION', 'OTHER',
       'PERSON', 'TIME'], dtype='<U12'), array(['DEFINITION', 'LOCATION', 'MEASURE', 'ORGANIZATION', 'OTHER',
       'PERSON', 'TIME'], dtype='<U12')]","[[166.4  12.6   4.2   9.2  15.4  16.2   4.4]
 [  5.8  89.   13.   24.6  24.   19.6  15.6]
 [  4.6  28.  103.6  17.2  27.   27.6  20.4]
 [  1.8   4.8   2.4  12.8   8.8   5.4   6. ]
 [  2.    4.8   4.4   9.8  21.6   8.2   5.4]
 [  9.4  17.   19.8  24.2  35.6 102.8  11.2]
 [  2.6   9.4   5.6   8.8  13.8   5.4  51.8]]",0.8314216136932373,0.4589597461578353,0.47958361973590263,0.47775326155242415,0.03436379432678223,2400
60,SVM W2V,0.5134765625,"[array(['DEFINITION', 'LOCATION', 'MEASURE', 'ORGANIZATION', 'OTHER',
       'PERSON', 'TIME'], dtype='<U12'), array(['DEFINITION', 'LOCATION', 'MEASURE', 'ORGANIZATION', 'OTHER',
       'PERSON', 'TIME'], dtype='<U12'), array(['DEFINITION', 'LOCATION', 'MEASURE', 'ORGANIZATION', 'OTHER',
       'PERSON', 'TIME'], dtype='<U12'), array(['DEFINITION', 'LOCATION', 'MEASURE', 'ORGANIZATION', 'OTHER',
       'PERSON', 'TIME'], dtype='<U12'), array(['DEFINITION', 'LOCATION', 'MEASURE', 'ORGANIZATION', 'OTHER',
       'PERSON', 'TIME'], dtype='<U12')]","[[159.2  11.8   4.2   8.4  14.6  15.4   4.4]
 [  5.6  85.8  13.2  23.6  23.   19.6  14.2]
 [  4.4  26.8  99.6  17.4  26.6  26.2  19.8]
 [  2.    4.6   1.8  11.8   8.4   4.8   6. ]
 [  2.    4.4   3.8   9.2  20.4   8.4   5. ]
 [  9.4  15.8  19.   24.   35.4  99.2  11. ]
 [  2.2  10.    5.6   8.   12.8   5.4  49.8]]",0.8625430107116699,0.45709120594368047,0.4782793355352985,0.47719457537943805,0.043741798400878905,2440
61,SVM W2V,0.5123983739837399,"[array(['DEFINITION', 'LOCATION', 'MEASURE', 'ORGANIZATION', 'OTHER',
       'PERSON', 'TIME'], dtype='<U12'), array(['DEFINITION', 'LOCATION', 'MEASURE', 'ORGANIZATION', 'OTHER',
       'PERSON', 'TIME'], dtype='<U12'), array(['DEFINITION', 'LOCATION', 'MEASURE', 'ORGANIZATION', 'OTHER',
       'PERSON', 'TIME'], dtype='<U12'), array(['DEFINITION', 'LOCATION', 'MEASURE', 'ORGANIZATION', 'OTHER',
       'PERSON', 'TIME'], dtype='<U12'), array(['DEFINITION', 'LOCATION', 'MEASURE', 'ORGANIZATION', 'OTHER',
       'PERSON', 'TIME'], dtype='<U12')]","[[153.4  11.6   4.4   8.4  14.   14.8   4.4]
 [  5.6  81.8  13.2  23.4  22.   18.2  12.6]
 [  4.   25.   94.8  17.   24.6  25.4  19.2]
 [  1.8   5.    1.8  10.8   8.2   5.    5.6]
 [  1.6   3.6   3.2   8.   19.8   7.6   4.6]
 [  9.4  16.   18.2  24.6  34.8  96.4  11. ]
 [  2.    9.2   5.    7.6  13.4   4.8  47.2]]",0.888206672668457,0.455266896288823,0.4775969747633321,0.476224150145811,0.031245040893554687,2480
62,SVM W2V,0.5148305084745763,"[array(['DEFINITION', 'LOCATION', 'MEASURE', 'ORGANIZATION', 'OTHER',
       'PERSON', 'TIME'], dtype='<U12'), array(['DEFINITION', 'LOCATION', 'MEASURE', 'ORGANIZATION', 'OTHER',
       'PERSON', 'TIME'], dtype='<U12'), array(['DEFINITION', 'LOCATION', 'MEASURE', 'ORGANIZATION', 'OTHER',
       'PERSON', 'TIME'], dtype='<U12'), array(['DEFINITION', 'LOCATION', 'MEASURE', 'ORGANIZATION', 'OTHER',
       'PERSON', 'TIME'], dtype='<U12'), array(['DEFINITION', 'LOCATION', 'MEASURE', 'ORGANIZATION', 'OTHER',
       'PERSON', 'TIME'], dtype='<U12')]","[[146.4  11.8   4.4   8.2  13.6  14.4   3.8]
 [  5.6  79.4  12.6  21.6  20.8  18.   12.6]
 [  3.8  24.   92.   15.8  24.4  23.6  18.6]
 [  1.6   4.6   1.4  10.6   8.    5.    5.6]
 [  2.    3.8   3.    7.8  19.2   7.    4.2]
 [  9.4  14.2  17.4  22.6  32.8  92.4  10.6]
 [  1.8   8.4   4.6   7.6  12.8   4.2  46. ]]",0.8903761863708496,0.4582027294567824,0.48003438244823576,0.47974799096617293,0.031238222122192384,2520
63,SVM W2V,0.5157079646017699,"[array(['DEFINITION', 'LOCATION', 'MEASURE', 'ORGANIZATION', 'OTHER',
       'PERSON', 'TIME'], dtype='<U12'), array(['DEFINITION', 'LOCATION', 'MEASURE', 'ORGANIZATION', 'OTHER',
       'PERSON', 'TIME'], dtype='<U12'), array(['DEFINITION', 'LOCATION', 'MEASURE', 'ORGANIZATION', 'OTHER',
       'PERSON', 'TIME'], dtype='<U12'), array(['DEFINITION', 'LOCATION', 'MEASURE', 'ORGANIZATION', 'OTHER',
       'PERSON', 'TIME'], dtype='<U12'), array(['DEFINITION', 'LOCATION', 'MEASURE', 'ORGANIZATION', 'OTHER',
       'PERSON', 'TIME'], dtype='<U12')]","[[139.8  11.4   3.6   8.2  13.   13.6   3.8]
 [  5.2  75.6  11.8  20.   20.2  16.   12.6]
 [  3.8  22.4  88.4  14.8  22.4  23.2  17.2]
 [  1.6   4.    1.6  10.8   6.8   4.4   5.2]
 [  2.    4.8   3.6   9.   18.2   7.2   4.6]
 [  9.2  13.2  16.6  20.6  31.6  88.6  10.2]
 [  1.6   8.2   4.4   7.6  12.2   4.4  44.8]]",0.8936586856842041,0.45993400506532345,0.48090750554911105,0.4789257014458874,0.03435707092285156,2560
64,SVM W2V,0.5157407407407407,"[array(['DEFINITION', 'LOCATION', 'MEASURE', 'ORGANIZATION', 'OTHER',
       'PERSON', 'TIME'], dtype='<U12'), array(['DEFINITION', 'LOCATION', 'MEASURE', 'ORGANIZATION', 'OTHER',
       'PERSON', 'TIME'], dtype='<U12'), array(['DEFINITION', 'LOCATION', 'MEASURE', 'ORGANIZATION', 'OTHER',
       'PERSON', 'TIME'], dtype='<U12'), array(['DEFINITION', 'LOCATION', 'MEASURE', 'ORGANIZATION', 'OTHER',
       'PERSON', 'TIME'], dtype='<U12'), array(['DEFINITION', 'LOCATION', 'MEASURE', 'ORGANIZATION', 'OTHER',
       'PERSON', 'TIME'], dtype='<U12')]","[[134.6  10.4   3.8   7.   12.4  13.2   4. ]
 [  5.   70.4  11.   18.8  19.8  14.8  12. ]
 [  3.8  21.2  84.2  14.6  22.6  22.4  15.6]
 [  1.4   4.    1.8  10.4   6.8   4.    4.4]
 [  2.2   4.6   3.4   8.2  17.    6.8   5. ]
 [  8.8  13.2  16.   19.6  30.8  86.   10.2]
 [  1.6   7.4   4.    7.6  10.6   3.6  43. ]]",0.9140432357788086,0.45975111876844854,0.4805159923593865,0.47871960814138015,0.03123793601989746,2600
65,SVM W2V,0.5150485436893204,"[array(['DEFINITION', 'LOCATION', 'MEASURE', 'ORGANIZATION', 'OTHER',
       'PERSON', 'TIME'], dtype='<U12'), array(['DEFINITION', 'LOCATION', 'MEASURE', 'ORGANIZATION', 'OTHER',
       'PERSON', 'TIME'], dtype='<U12'), array(['DEFINITION', 'LOCATION', 'MEASURE', 'ORGANIZATION', 'OTHER',
       'PERSON', 'TIME'], dtype='<U12'), array(['DEFINITION', 'LOCATION', 'MEASURE', 'ORGANIZATION', 'OTHER',
       'PERSON', 'TIME'], dtype='<U12'), array(['DEFINITION', 'LOCATION', 'MEASURE', 'ORGANIZATION', 'OTHER',
       'PERSON', 'TIME'], dtype='<U12')]","[[128.6   9.6   3.6   7.   12.   13.2   3. ]
 [  5.   67.   10.6  17.8  18.8  14.8  11. ]
 [  3.8  21.   79.2  14.2  21.6  21.4  14.8]
 [  1.2   3.6   1.6  10.2   5.6   3.8   5. ]
 [  1.8   4.4   3.    7.4  16.2   6.8   4.6]
 [  8.4  12.   15.6  18.6  30.4  82.6  10. ]
 [  1.4   6.8   4.2   6.4  10.6   3.2  40.6]]",0.934234619140625,0.45937109159458195,0.4799576338434268,0.48032130073510687,0.031227684020996092,2640
66,SVM W2V,0.5158163265306123,"[array(['DEFINITION', 'LOCATION', 'MEASURE', 'ORGANIZATION', 'OTHER',
       'PERSON', 'TIME'], dtype='<U12'), array(['DEFINITION', 'LOCATION', 'MEASURE', 'ORGANIZATION', 'OTHER',
       'PERSON', 'TIME'], dtype='<U12'), array(['DEFINITION', 'LOCATION', 'MEASURE', 'ORGANIZATION', 'OTHER',
       'PERSON', 'TIME'], dtype='<U12'), array(['DEFINITION', 'LOCATION', 'MEASURE', 'ORGANIZATION', 'OTHER',
       'PERSON', 'TIME'], dtype='<U12'), array(['DEFINITION', 'LOCATION', 'MEASURE', 'ORGANIZATION', 'OTHER',
       'PERSON', 'TIME'], dtype='<U12')]","[[120.2   8.8   3.6   6.4  11.2  12.8   3.2]
 [  5.4  65.8  10.   17.4  18.   14.4  10. ]
 [  3.6  20.   75.4  13.2  20.4  21.2  14.6]
 [  1.    3.2   1.6   9.2   5.6   3.    4.6]
 [  1.8   4.4   2.8   7.8  15.4   6.4   4.2]
 [  7.6  10.8  14.   17.   28.8  79.    9.8]
 [  1.4   6.    4.    6.2  10.    3.4  39.4]]",0.9726537704467774,0.4599955091744121,0.4812947541746363,0.4809787972224093,0.021865987777709962,2680
67,SVM W2V,0.5174731182795699,"[array(['DEFINITION', 'LOCATION', 'MEASURE', 'ORGANIZATION', 'OTHER',
       'PERSON', 'TIME'], dtype='<U12'), array(['DEFINITION', 'LOCATION', 'MEASURE', 'ORGANIZATION', 'OTHER',
       'PERSON', 'TIME'], dtype='<U12'), array(['DEFINITION', 'LOCATION', 'MEASURE', 'ORGANIZATION', 'OTHER',
       'PERSON', 'TIME'], dtype='<U12'), array(['DEFINITION', 'LOCATION', 'MEASURE', 'ORGANIZATION', 'OTHER',
       'PERSON', 'TIME'], dtype='<U12'), array(['DEFINITION', 'LOCATION', 'MEASURE', 'ORGANIZATION', 'OTHER',
       'PERSON', 'TIME'], dtype='<U12')]","[[112.4   8.2   3.6   6.4  10.2  12.    3. ]
 [  5.2  62.4   8.8  16.4  17.2  13.4   9.4]
 [  3.6  18.8  72.4  11.8  18.8  20.2  13.8]
 [  1.    2.8   1.4   9.    5.2   3.    4.4]
 [  1.8   4.4   2.6   6.4  14.    5.6   2.8]
 [  7.   10.6  14.2  16.6  27.6  76.8   9.6]
 [  1.4   5.8   4.2   6.2  10.6   3.   38. ]]",0.9593234539031983,0.46153405181483864,0.4831492960458486,0.4827508132700986,0.02811851501464844,2720
68,SVM W2V,0.5173295454545455,"[array(['DEFINITION', 'LOCATION', 'MEASURE', 'ORGANIZATION', 'OTHER',
       'PERSON', 'TIME'], dtype='<U12'), array(['DEFINITION', 'LOCATION', 'MEASURE', 'ORGANIZATION', 'OTHER',
       'PERSON', 'TIME'], dtype='<U12'), array(['DEFINITION', 'LOCATION', 'MEASURE', 'ORGANIZATION', 'OTHER',
       'PERSON', 'TIME'], dtype='<U12'), array(['DEFINITION', 'LOCATION', 'MEASURE', 'ORGANIZATION', 'OTHER',
       'PERSON', 'TIME'], dtype='<U12'), array(['DEFINITION', 'LOCATION', 'MEASURE', 'ORGANIZATION', 'OTHER',
       'PERSON', 'TIME'], dtype='<U12')]","[[106.    8.    3.    5.4   9.4  11.6   2.2]
 [  5.   58.6   9.   17.   15.4  12.6   8.4]
 [  3.6  17.2  68.8  10.6  17.6  18.   12. ]
 [  1.2   2.6   1.2   8.2   4.4   3.2   4.4]
 [  1.4   4.6   2.4   5.8  14.2   5.2   2.2]
 [  7.2  10.8  14.2  16.6  27.   73.    9.6]
 [  1.4   5.2   4.    6.2  10.2   2.8  35.4]]",0.987321424484253,0.4620582531679611,0.4829066791304541,0.48509900651715,0.02499394416809082,2760
69,SVM W2V,0.5135542168674698,"[array(['DEFINITION', 'LOCATION', 'MEASURE', 'ORGANIZATION', 'OTHER',
       'PERSON', 'TIME'], dtype='<U12'), array(['DEFINITION', 'LOCATION', 'MEASURE', 'ORGANIZATION', 'OTHER',
       'PERSON', 'TIME'], dtype='<U12'), array(['DEFINITION', 'LOCATION', 'MEASURE', 'ORGANIZATION', 'OTHER',
       'PERSON', 'TIME'], dtype='<U12'), array(['DEFINITION', 'LOCATION', 'MEASURE', 'ORGANIZATION', 'OTHER',
       'PERSON', 'TIME'], dtype='<U12'), array(['DEFINITION', 'LOCATION', 'MEASURE', 'ORGANIZATION', 'OTHER',
       'PERSON', 'TIME'], dtype='<U12')]","[[101.4   8.    3.    5.2   9.2  10.8   2. ]
 [  3.8  54.8   8.6  16.   14.4  12.    8. ]
 [  3.4  16.6  63.8  10.2  16.6  17.6  11.8]
 [  1.2   2.2   1.6   7.    4.4   3.    4.4]
 [  1.2   3.8   2.2   6.   13.    5.    2. ]
 [  7.    9.6  12.8  14.8  26.2  68.   10. ]
 [  1.4   5.2   4.4   6.    9.4   2.   33. ]]",1.0216713905334474,0.4558245832845779,0.47769854490601393,0.4776814233905684,0.031234264373779297,2800
70,SVM W2V,0.510576923076923,"[array(['DEFINITION', 'LOCATION', 'MEASURE', 'ORGANIZATION', 'OTHER',
       'PERSON', 'TIME'], dtype='<U12'), array(['DEFINITION', 'LOCATION', 'MEASURE', 'ORGANIZATION', 'OTHER',
       'PERSON', 'TIME'], dtype='<U12'), array(['DEFINITION', 'LOCATION', 'MEASURE', 'ORGANIZATION', 'OTHER',
       'PERSON', 'TIME'], dtype='<U12'), array(['DEFINITION', 'LOCATION', 'MEASURE', 'ORGANIZATION', 'OTHER',
       'PERSON', 'TIME'], dtype='<U12'), array(['DEFINITION', 'LOCATION', 'MEASURE', 'ORGANIZATION', 'OTHER',
       'PERSON', 'TIME'], dtype='<U12')]","[[96.6  7.6  2.8  5.2  8.2  9.6  1.6]
 [ 3.6 50.6  8.2 15.4 13.8 12.4  7.6]
 [ 3.  16.  58.6  9.6 16.2 17.2 11.2]
 [ 1.2  2.   1.6  6.8  4.4  3.   3.8]
 [ 1.   3.6  2.4  5.4 11.8  4.4  2.6]
 [ 6.6  8.2 12.2 13.8 23.8 62.8  9.4]
 [ 1.2  4.8  4.2  5.6  9.2  1.8 31.4]]",1.041742467880249,0.4534878792965829,0.47548637761274615,0.4757415359062641,0.02499847412109375,2840
71,SVM W2V,0.5089041095890412,"[array(['DEFINITION', 'LOCATION', 'MEASURE', 'ORGANIZATION', 'OTHER',
       'PERSON', 'TIME'], dtype='<U12'), array(['DEFINITION', 'LOCATION', 'MEASURE', 'ORGANIZATION', 'OTHER',
       'PERSON', 'TIME'], dtype='<U12'), array(['DEFINITION', 'LOCATION', 'MEASURE', 'ORGANIZATION', 'OTHER',
       'PERSON', 'TIME'], dtype='<U12'), array(['DEFINITION', 'LOCATION', 'MEASURE', 'ORGANIZATION', 'OTHER',
       'PERSON', 'TIME'], dtype='<U12'), array(['DEFINITION', 'LOCATION', 'MEASURE', 'ORGANIZATION', 'OTHER',
       'PERSON', 'TIME'], dtype='<U12')]","[[91.8  7.   2.8  4.2  8.2  8.8  1.6]
 [ 3.2 46.6  7.6 14.8 12.8 12.4  7.6]
 [ 3.  15.2 55.6  9.  14.6 16.2 10. ]
 [ 1.   2.   1.2  6.6  4.4  2.6  3.2]
 [ 1.   3.   1.8  4.  11.2  4.4  2.4]
 [ 6.4  8.6 12.  13.2 22.8 57.2  8.8]
 [ 1.2  4.4  3.8  4.6  9.   2.  28.2]]",1.0247673034667968,0.4517556134629449,0.4729000919283221,0.4789678163426877,0.021866512298583985,2880
72,SVM W2V,0.5077205882352941,"[array(['DEFINITION', 'LOCATION', 'MEASURE', 'ORGANIZATION', 'OTHER',
       'PERSON', 'TIME'], dtype='<U12'), array(['DEFINITION', 'LOCATION', 'MEASURE', 'ORGANIZATION', 'OTHER',
       'PERSON', 'TIME'], dtype='<U12'), array(['DEFINITION', 'LOCATION', 'MEASURE', 'ORGANIZATION', 'OTHER',
       'PERSON', 'TIME'], dtype='<U12'), array(['DEFINITION', 'LOCATION', 'MEASURE', 'ORGANIZATION', 'OTHER',
       'PERSON', 'TIME'], dtype='<U12'), array(['DEFINITION', 'LOCATION', 'MEASURE', 'ORGANIZATION', 'OTHER',
       'PERSON', 'TIME'], dtype='<U12')]","[[86.2  6.6  3.   4.2  7.4  7.8  1.6]
 [ 3.  44.   6.4 14.4 12.8 12.   7.2]
 [ 2.8 14.  51.   8.6 13.  15.4  9.2]
 [ 0.8  2.   1.   6.   4.4  2.   2.6]
 [ 0.8  3.   2.2  3.8  9.   4.2  2.2]
 [ 5.6  8.  10.6 12.6 21.8 53.6  8.6]
 [ 1.2  3.6  3.4  3.2  8.6  2.2 26.4]]",1.0402774810791016,0.4483717960660156,0.47140266280303295,0.4731039802842439,0.018736505508422853,2920
73,SVM W2V,0.5079365079365079,"[array(['DEFINITION', 'LOCATION', 'MEASURE', 'ORGANIZATION', 'OTHER',
       'PERSON', 'TIME'], dtype='<U12'), array(['DEFINITION', 'LOCATION', 'MEASURE', 'ORGANIZATION', 'OTHER',
       'PERSON', 'TIME'], dtype='<U12'), array(['DEFINITION', 'LOCATION', 'MEASURE', 'ORGANIZATION', 'OTHER',
       'PERSON', 'TIME'], dtype='<U12'), array(['DEFINITION', 'LOCATION', 'MEASURE', 'ORGANIZATION', 'OTHER',
       'PERSON', 'TIME'], dtype='<U12'), array(['DEFINITION', 'LOCATION', 'MEASURE', 'ORGANIZATION', 'OTHER',
       'PERSON', 'TIME'], dtype='<U12')]","[[79.8  6.2  2.8  4.   6.8  7.   1.4]
 [ 2.2 39.2  5.4 13.4 11.6 12.   7.2]
 [ 2.6 12.8 48.4  8.4 12.  14.   8.2]
 [ 0.8  1.6  0.8  5.6  3.8  2.2  2. ]
 [ 0.6  3.   2.6  3.6  9.4  4.2  2.4]
 [ 5.6  7.4  9.8 11.4 19.6 49.6  7.2]
 [ 1.4  4.   2.8  3.   8.   2.2 24. ]]",1.0665547370910644,0.4495866699122571,0.47170425208619937,0.47254986790596265,0.021865081787109376,2960
74,SVM W2V,0.5081896551724138,"[array(['DEFINITION', 'LOCATION', 'MEASURE', 'ORGANIZATION', 'OTHER',
       'PERSON', 'TIME'], dtype='<U12'), array(['DEFINITION', 'LOCATION', 'MEASURE', 'ORGANIZATION', 'OTHER',
       'PERSON', 'TIME'], dtype='<U12'), array(['DEFINITION', 'LOCATION', 'MEASURE', 'ORGANIZATION', 'OTHER',
       'PERSON', 'TIME'], dtype='<U12'), array(['DEFINITION', 'LOCATION', 'MEASURE', 'ORGANIZATION', 'OTHER',
       'PERSON', 'TIME'], dtype='<U12'), array(['DEFINITION', 'LOCATION', 'MEASURE', 'ORGANIZATION', 'OTHER',
       'PERSON', 'TIME'], dtype='<U12')]","[[74.4  5.8  2.8  4.   6.6  6.4  1.2]
 [ 2.4 36.8  5.4 11.8  9.8 10.8  6.6]
 [ 2.6 11.2 43.8  7.4 10.6 12.6  7.4]
 [ 0.8  1.4  1.   5.   3.6  2.4  2. ]
 [ 0.8  2.6  1.8  3.4  8.   3.4  1.4]
 [ 5.   7.   9.2 11.2 19.2 45.8  7.6]
 [ 1.2  3.6  2.6  2.   7.6  2.  22. ]]",1.0859665393829345,0.447285990458393,0.46993996132111215,0.4705000172704562,0.015617942810058594,3000
75,SVM W2V,0.5099056603773585,"[array(['DEFINITION', 'LOCATION', 'MEASURE', 'ORGANIZATION', 'OTHER',
       'PERSON', 'TIME'], dtype='<U12'), array(['DEFINITION', 'LOCATION', 'MEASURE', 'ORGANIZATION', 'OTHER',
       'PERSON', 'TIME'], dtype='<U12'), array(['DEFINITION', 'LOCATION', 'MEASURE', 'ORGANIZATION', 'OTHER',
       'PERSON', 'TIME'], dtype='<U12'), array(['DEFINITION', 'LOCATION', 'MEASURE', 'ORGANIZATION', 'OTHER',
       'PERSON', 'TIME'], dtype='<U12'), array(['DEFINITION', 'LOCATION', 'MEASURE', 'ORGANIZATION', 'OTHER',
       'PERSON', 'TIME'], dtype='<U12')]","[[67.6  5.4  2.4  3.6  5.8  6.   1. ]
 [ 2.2 33.6  4.4 10.6  9.  10.2  6. ]
 [ 2.4 10.2 40.8  7.2  9.4 11.2  7. ]
 [ 0.8  1.4  1.   4.4  2.8  1.8  1.8]
 [ 0.8  3.   1.6  2.8  7.6  4.2  1.8]
 [ 4.8  5.8  8.6  9.6 18.2 42.8  6.6]
 [ 1.   2.8  2.4  2.   6.4  1.8 19.4]]",1.0875407218933106,0.4493187363654812,0.4697778117320254,0.4729822063359488,0.015606880187988281,3040
76,SVM W2V,0.5140624999999999,"[array(['DEFINITION', 'LOCATION', 'MEASURE', 'ORGANIZATION', 'OTHER',
       'PERSON', 'TIME'], dtype='<U12'), array(['DEFINITION', 'LOCATION', 'MEASURE', 'ORGANIZATION', 'OTHER',
       'PERSON', 'TIME'], dtype='<U12'), array(['DEFINITION', 'LOCATION', 'MEASURE', 'ORGANIZATION', 'OTHER',
       'PERSON', 'TIME'], dtype='<U12'), array(['DEFINITION', 'LOCATION', 'MEASURE', 'ORGANIZATION', 'OTHER',
       'PERSON', 'TIME'], dtype='<U12'), array(['DEFINITION', 'LOCATION', 'MEASURE', 'ORGANIZATION', 'OTHER',
       'PERSON', 'TIME'], dtype='<U12')]","[[61.8  5.4  2.   3.   4.8  5.6  0.6]
 [ 2.  30.8  4.   9.   8.2  9.4  4.8]
 [ 2.   9.6 36.2  6.4  7.8  9.6  6. ]
 [ 0.8  1.6  0.8  4.2  2.   1.6  1.8]
 [ 1.   2.2  1.2  3.   7.4  4.   1.2]
 [ 4.6  6.   8.2  8.6 16.8 38.6  6.2]
 [ 1.   2.4  2.2  2.2  5.4  1.6 18.4]]",1.1216148853302002,0.4554470220783068,0.47398851741897463,0.4797978251425663,0.015612983703613281,3080
77,SVM W2V,0.508139534883721,"[array(['DEFINITION', 'LOCATION', 'MEASURE', 'ORGANIZATION', 'OTHER',
       'PERSON', 'TIME'], dtype='<U12'), array(['DEFINITION', 'LOCATION', 'MEASURE', 'ORGANIZATION', 'OTHER',
       'PERSON', 'TIME'], dtype='<U12'), array(['DEFINITION', 'LOCATION', 'MEASURE', 'ORGANIZATION', 'OTHER',
       'PERSON', 'TIME'], dtype='<U12'), array(['DEFINITION', 'LOCATION', 'MEASURE', 'ORGANIZATION', 'OTHER',
       'PERSON', 'TIME'], dtype='<U12'), array(['DEFINITION', 'LOCATION', 'MEASURE', 'ORGANIZATION', 'OTHER',
       'PERSON', 'TIME'], dtype='<U12')]","[[55.4  4.2  1.8  2.8  4.4  4.6  0.6]
 [ 1.8 27.   3.8  8.   7.2  8.2  4.8]
 [ 1.8  7.6 32.   5.4  6.6  9.2  5.2]
 [ 0.8  1.6  0.4  4.   2.2  1.6  1.2]
 [ 0.8  2.2  1.6  2.6  5.8  3.4  0.8]
 [ 4.4  5.6  7.2  8.  15.8 35.   6.2]
 [ 1.   2.8  2.4  1.8  5.2  1.6 15.6]]",1.118846845626831,0.4471616239125855,0.4664333504238005,0.46984703648213183,0.009370803833007812,3120
78,SVM W2V,0.5059210526315789,"[array(['DEFINITION', 'LOCATION', 'MEASURE', 'ORGANIZATION', 'OTHER',
       'PERSON', 'TIME'], dtype='<U12'), array(['DEFINITION', 'LOCATION', 'MEASURE', 'ORGANIZATION', 'OTHER',
       'PERSON', 'TIME'], dtype='<U12'), array(['DEFINITION', 'LOCATION', 'MEASURE', 'ORGANIZATION', 'OTHER',
       'PERSON', 'TIME'], dtype='<U12'), array(['DEFINITION', 'LOCATION', 'MEASURE', 'ORGANIZATION', 'OTHER',
       'PERSON', 'TIME'], dtype='<U12'), array(['DEFINITION', 'LOCATION', 'MEASURE', 'ORGANIZATION', 'OTHER',
       'PERSON', 'TIME'], dtype='<U12')]","[[47.4  3.8  2.   2.6  4.2  3.8  0.4]
 [ 1.6 23.4  3.2  7.   7.2  7.2  4.2]
 [ 1.6  7.8 29.   4.6  5.8  8.   4.8]
 [ 0.8  1.2  0.4  3.2  2.2  1.6  1.4]
 [ 0.4  1.4  1.2  2.   5.   2.8  0.6]
 [ 4.2  5.2  6.   7.4 13.8 31.6  5.4]
 [ 1.   2.4  1.8  1.8  4.2  1.2 14.2]]",1.1315350532531738,0.4457506914997419,0.4668629045290878,0.47093487284855395,0.012489843368530273,3160
79,SVM W2V,0.5075757575757576,"[array(['DEFINITION', 'LOCATION', 'MEASURE', 'ORGANIZATION', 'OTHER',
       'PERSON', 'TIME'], dtype='<U12'), array(['DEFINITION', 'LOCATION', 'MEASURE', 'ORGANIZATION', 'OTHER',
       'PERSON', 'TIME'], dtype='<U12'), array(['DEFINITION', 'LOCATION', 'MEASURE', 'ORGANIZATION', 'OTHER',
       'PERSON', 'TIME'], dtype='<U12'), array(['DEFINITION', 'LOCATION', 'MEASURE', 'ORGANIZATION', 'OTHER',
       'PERSON', 'TIME'], dtype='<U12'), array(['DEFINITION', 'LOCATION', 'MEASURE', 'ORGANIZATION', 'OTHER',
       'PERSON', 'TIME'], dtype='<U12')]","[[40.6  3.6  1.4  2.4  3.8  3.4  0.4]
 [ 1.4 20.6  2.6  5.   6.2  6.   3.2]
 [ 1.6  6.2 26.2  4.2  5.4  6.8  4.4]
 [ 0.6  1.   0.2  3.   2.   1.4  1. ]
 [ 0.2  1.4  1.2  1.8  4.4  1.8  0.6]
 [ 3.8  4.8  5.6  6.4 12.6 27.6  4.6]
 [ 0.8  2.2  1.6  1.4  3.8  1.2 11.6]]",1.1563746929168701,0.4478320472379882,0.469266183778079,0.4752502214400769,0.009370899200439453,3200
80,SVM W2V,0.4973214285714286,"[array(['DEFINITION', 'LOCATION', 'MEASURE', 'ORGANIZATION', 'OTHER',
       'PERSON', 'TIME'], dtype='<U12'), array(['DEFINITION', 'LOCATION', 'MEASURE', 'ORGANIZATION', 'OTHER',
       'PERSON', 'TIME'], dtype='<U12'), array(['DEFINITION', 'LOCATION', 'MEASURE', 'ORGANIZATION', 'OTHER',
       'PERSON', 'TIME'], dtype='<U12'), array(['DEFINITION', 'LOCATION', 'MEASURE', 'ORGANIZATION', 'OTHER',
       'PERSON', 'TIME'], dtype='<U12'), array(['DEFINITION', 'LOCATION', 'MEASURE', 'ORGANIZATION', 'OTHER',
       'PERSON', 'TIME'], dtype='<U12')]","[[34.2  2.6  1.4  2.   3.6  2.6  0.4]
 [ 1.2 15.8  1.8  4.6  5.   5.2  2.8]
 [ 1.6  4.8 23.   3.8  5.2  6.   3.8]
 [ 0.6  0.6  0.2  2.2  1.8  1.2  1. ]
 [ 0.2  1.2  1.   1.8  3.4  2.   0.6]
 [ 3.2  4.6  4.6  5.4 10.2 23.   4. ]
 [ 0.8  2.2  1.6  1.   3.2  1.2  9.8]]",1.1808761596679687,0.43479334035119227,0.45874139135122516,0.4577490170447859,0.006242036819458008,3240
